id,firstName,middleName,lastName,gender,citizenship code,dob,id_number,Valid,Age,birthyear,birthmonth,birthday
1,Colin,Suzanne,Jimenez,0,0,1958-10-08,5810083337082,1,66,1958,10,8
2,Jeffery,Kathy,Harris,1,0,1931-10-08,3110089117182,1,93,1931,10,8
3,Stephen,Amy,Brown,1,0,1956-09-01,5609018836082,1,68,1956,9,1
4,Andrea,Matthew,Newman,0,1,1999-05-16,9905160326182,1,25,1999,5,16
5,Devin,James,Fernandez,0,0,1980-09-27,8009270553082,1,44,1980,9,27
6,Elijah,William,Green,1,1,1999-04-19,9904196728182,1,25,1999,4,19
7,Andrea,Rebecca,Barnes,1,0,1930-10-04,3010048624182,1,94,1930,10,4
8,Laurie,Rachel,Baker,0,0,1939-06-03,3906032798082,1,85,1939,6,3
9,Sheena,Jesse,Savage,1,0,1977-04-19,7704197924082,1,47,1977,4,19
10,Alexis,Amanda,Ferguson,1,0,1975-05-12,7505126850182,1,49,1975,5,12
11,Rebecca,Kelly,Neal,1,0,1948-04-08,4804088895082,1,76,1948,4,8
12,Margaret,Anthony,Miller,0,0,1934-07-03,3407032747082,1,90,1934,7,3
13,Jonathan,Philip,Reed,0,0,1941-08-15,4108150633182,1,83,1941,8,15
14,James,Tanya,Stephens,1,0,1968-04-30,6804306578082,1,56,1968,4,30
15,Scott,Jessica,Estes,1,0,1947-12-13,4712136814082,1,76,1947,12,13
16,Douglas,Lydia,Smith,0,0,1947-06-22,4706223274082,1,77,1947,6,22
17,Virginia,Keith,Ruiz,1,1,1975-12-20,7512209488182,1,48,1975,12,20
18,Alexander,Frank,Snow,1,0,1975-12-25,7512257726082,1,48,1975,12,25
19,Michael,Jeffrey,Clark,0,0,1997-05-16,9705160263182,1,27,1997,5,16
20,Anna,Paul,Barrett,0,1,1992-02-21,9202210064182,1,32,1992,2,21
21,Todd,Ronald,Powers,0,1,2003-07-15,0307152622082,1,21,2003,7,15
22,Derek,William,Mcfarland,0,1,1961-04-14,6104140097082,1,63,1961,4,14
23,Jessica,Michael,Bryant,1,1,1953-04-16,5304165374182,1,71,1953,4,16
24,James,Elaine,Jones,0,0,1948-08-10,4808103785082,1,76,1948,8,10
25,Paula,Ashley,Byrd,1,1,1977-02-06,7702068498082,1,47,1977,2,6
26,Shirley,Sara,Smith,1,1,1993-04-03,9304038385182,1,31,1993,4,3
27,Tiffany,Timothy,Smith,1,1,1956-01-07,5601078935082,1,68,1956,1,7
28,Nicholas,Diane,Miranda,1,1,1995-05-10,9505108057182,1,29,1995,5,10
29,Timothy,Amy,Elliott,1,1,1970-11-25,7011258753182,1,53,1970,11,25
30,Jessica,Carolyn,Flores,0,0,1929-05-31,2905312679182,1,95,1929,5,31
31,William,John,Washington,0,1,1960-06-25,6006253038182,1,64,1960,6,25
32,Penny,William,Clark,0,0,1944-07-26,4407263323082,1,80,1944,7,26
33,Jeremy,Blake,Knox,1,0,1980-09-06,8009066681182,1,44,1980,9,6
34,Kevin,Malik,Murillo,0,0,1954-04-22,5404221478182,1,70,1954,4,22
35,Shannon,Melissa,Thomas,0,1,1962-06-12,6206121166182,1,62,1962,6,12
36,Vanessa,Daniel,Sexton,0,0,1938-10-12,3810120704082,1,86,1938,10,12
37,Carolyn,Kendra,Perry,1,0,1950-01-20,5001205864182,1,74,1950,1,20
38,Christina,Steven,Jones,0,0,2005-03-13,0503133583182,1,19,2005,3,13
39,Emily,Emily,Goodman,0,0,2002-12-09,0212090987082,1,21,2002,12,9
40,Kathryn,Antonio,Dean,1,0,1946-07-08,4607089395082,1,78,1946,7,8
41,Gregory,Derek,Williams,1,0,1978-04-20,7804207148182,1,46,1978,4,20
42,Katherine,Amanda,Chandler,1,1,1964-09-27,6409278204182,1,60,1964,9,27
43,Adriana,Emily,Jones,1,0,1998-06-13,9806139437082,1,26,1998,6,13
44,Dana,Joshua,Williams,0,0,1942-01-14,4201143632182,1,82,1942,1,14
45,Scott,Daniel,Davis,0,1,2002-07-18,0207181598182,1,22,2002,7,18
46,Robert,Shelly,Fitzgerald,1,1,1998-02-26,9802269145182,1,26,1998,2,26
47,Alyssa,Lisa,Austin,0,0,1936-11-21,3611213702082,1,87,1936,11,21
48,Lauren,Christopher,Smith,0,0,2004-05-22,0405224986182,1,20,2004,5,22
49,Leslie,Candice,Nunez,1,1,1976-09-24,7609249724182,1,48,1976,9,24
50,Anthony,Paul,Miller,0,1,1933-05-15,3305152246082,1,91,1933,5,15
51,Barbara,Mark,Burns,1,0,2002-04-02,0204027972182,1,22,2002,4,2
52,Benjamin,Daniel,Cruz,0,0,1924-10-31,2410312738082,1,99,1924,10,31
53,Gordon,Pamela,Sanchez,1,1,1947-08-22,4708227839182,1,77,1947,8,22
54,Roger,Charles,Wyatt,1,0,2006-06-04,0606046335082,1,18,2006,6,4
55,Jennifer,Lisa,Robinson,1,0,1977-07-10,7707108287082,1,47,1977,7,10
56,Jessica,Cory,Parrish,0,0,2002-06-17,0206174296182,1,22,2002,6,17
57,Steve,Kyle,Mendoza,1,1,1954-05-31,5405317713082,1,70,1954,5,31
58,Curtis,Jacqueline,Smith,0,1,1997-06-09,9706092370082,1,27,1997,6,9
59,Rachel,Judith,Woodard,1,1,2001-04-10,0104109759182,1,23,2001,4,10
60,Mitchell,Kathleen,Hess,1,0,1935-12-08,3512087519082,1,88,1935,12,8
61,Kirk,Laurie,Cox,1,0,2002-04-11,0204118197182,1,22,2002,4,11
62,Jennifer,Ashley,King,0,1,1983-01-12,8301122116082,1,41,1983,1,12
63,Stephanie,Amy,Love,1,1,2005-10-05,0510059347182,1,18,2005,10,5
64,Levi,Jamie,Maldonado,1,0,1936-12-31,3612317506082,1,87,1936,12,31
65,Kevin,Hannah,Hampton,1,1,1978-10-15,7810158879082,1,45,1978,10,15
66,Jose,Rhonda,Long,0,0,2006-02-23,0602234447082,1,18,2006,2,23
67,Dawn,Chad,Vargas,1,1,1970-09-18,7009187611082,1,54,1970,9,18
68,Daniel,Lisa,Bishop,0,1,1928-07-26,2807264780082,1,96,1928,7,26
69,Kathy,Matthew,Maynard,1,0,1997-08-01,9708016600182,1,27,1997,8,1
70,Sean,Timothy,Medina,1,0,1994-07-21,9407219105082,1,30,1994,7,21
71,Allen,Natalie,Howell,1,1,1957-02-27,5702277396182,1,67,1957,2,27
72,Emily,Cameron,Webb,1,1,2005-03-10,0503107713082,1,19,2005,3,10
73,Jamie,William,Mason,1,1,1933-10-04,3310048724082,1,91,1933,10,4
74,Michelle,Rachel,Jackson,0,1,1939-08-30,3908302886082,1,85,1939,8,30
75,Michael,Anna,Edwards,0,0,1990-10-18,9010184222082,1,33,1990,10,18
76,Tonya,Megan,Daugherty,1,1,1930-07-19,3007199557082,1,94,1930,7,19
77,Gerald,Mark,Washington,1,1,1979-07-12,7907125190182,1,45,1979,7,12
78,Douglas,Kristin,Rodriguez,0,0,1926-02-07,2602070768182,1,98,1926,2,7
79,Christopher,Elizabeth,Hess,1,0,1934-11-14,3411145638082,1,89,1934,11,14
80,Peter,Krystal,Fleming,1,1,1999-10-21,9910215671082,1,24,1999,10,21
81,Michelle,Benjamin,Hampton,0,0,1939-08-12,3908122297182,1,85,1939,8,12
82,Bryan,John,Rubio,1,1,2005-01-19,0501199589082,1,19,2005,1,19
83,Donna,Hannah,Stone,0,0,1973-08-30,7308300226182,1,51,1973,8,30
84,Chase,Jeffrey,Gomez,1,1,1973-01-21,7301215807182,1,51,1973,1,21
85,Jeffrey,Travis,Reid,1,0,1930-02-09,3002097979082,1,94,1930,2,9
86,Walter,Mark,Allen,0,0,1995-04-14,9504143941182,1,29,1995,4,14
87,Chelsea,Samuel,Sanchez,1,0,1926-12-10,2612107157082,1,97,1926,12,10
88,Michael,Xavier,Schultz,1,1,1963-06-08,6306088447082,1,61,1963,6,8
89,Lee,Gregory,Lee,1,0,2004-03-16,0403167478082,1,20,2004,3,16
90,Stephanie,Bobby,Knox,1,1,1944-05-04,4405045950082,1,80,1944,5,4
91,Eric,Martin,Flynn,1,1,2001-05-19,0105195551082,1,23,2001,5,19
92,Sandra,Tanya,Beck,1,0,1943-10-18,4310185588082,1,81,1943,10,18
93,Christy,Kevin,Cooper,0,0,1971-11-09,7111092356082,1,52,1971,11,9
94,Kevin,Sheryl,Lutz,1,1,1999-05-01,9905016382182,1,25,1999,5,1
95,Dillon,Spencer,Donovan,0,1,2006-07-09,0607091348082,1,18,2006,7,9
96,Daniel,Jacqueline,Pierce,0,0,1942-03-20,4203202677182,1,82,1942,3,20
97,Jeremy,Jennifer,Willis,0,0,1954-12-22,5412220142082,1,69,1954,12,22
98,Kyle,David,Adams,0,1,1978-07-28,7807282563082,1,46,1978,7,28
99,Katie,Jennifer,Sanchez,1,1,1927-12-07,2712078915082,1,96,1927,12,7
100,Sarah,Kyle,Jackson,0,1,1983-05-15,8305152269082,1,41,1983,5,15
101,Laura,Jared,Smith,0,1,1954-11-30,5411302800082,1,69,1954,11,30
102,Brianna,Christopher,Diaz,1,1,1969-10-06,6910069260182,1,55,1969,10,6
103,Nicole,Chloe,Russell,0,1,1943-07-11,4307113322182,1,81,1943,7,11
104,James,Terri,Weaver,1,1,1945-03-20,4503205875182,1,79,1945,3,20
105,Joseph,Beth,Lawson,0,0,2002-03-22,0203222843182,1,22,2002,3,22
106,Jonathan,Crystal,Walker,1,1,1994-01-05,9401058297182,1,30,1994,1,5
107,Mary,Mathew,Hansen,1,1,1939-11-09,3911096852182,1,84,1939,11,9
108,Cindy,Kelly,Castillo,0,1,1943-06-01,4306011775082,1,81,1943,6,1
109,Amanda,Zachary,Fuentes,0,1,1955-06-23,5506233045182,1,69,1955,6,23
110,Keith,Diana,Jackson,0,1,1989-03-04,8903042043182,1,35,1989,3,4
111,Chad,Zachary,Gill,0,1,1980-07-19,8007190402082,1,44,1980,7,19
112,Jennifer,Tracy,King,0,1,1989-10-16,8910163128082,1,34,1989,10,16
113,Tyler,John,Bell,1,1,1990-03-18,9003186977182,1,34,1990,3,18
114,April,Jeremiah,Dickson,1,1,1936-12-19,3612199257082,1,87,1936,12,19
115,Rita,Melissa,Martinez,1,0,1955-03-01,5503019646082,1,69,1955,3,1
116,Joseph,Shelley,Chambers,0,0,1964-07-11,6407110779082,1,60,1964,7,11
117,Seth,Sonya,Fowler,0,1,1931-07-17,3107172305182,1,93,1931,7,17
118,Rodney,Hannah,Reed,0,1,1936-12-30,3612301101082,1,87,1936,12,30
119,Amanda,Charles,Ramirez,1,1,1995-08-07,9508075208082,1,29,1995,8,7
120,Carly,Patrick,Powell,0,0,1983-04-21,8304210999082,1,41,1983,4,21
121,James,Jason,Obrien,0,1,1935-04-21,3504212497082,1,89,1935,4,21
122,Chris,Michael,Hall,1,0,1935-07-20,3507207771182,1,89,1935,7,20
123,Lori,David,Pruitt,1,1,1939-02-17,3902177590182,1,85,1939,2,17
124,Elaine,Cameron,Morgan,1,0,1980-04-28,8004287082182,1,44,1980,4,28
125,Timothy,Lisa,Berg,1,1,1989-04-16,8904168462182,1,35,1989,4,16
126,Marie,Kyle,Humphrey,1,0,2004-08-27,0408279250182,1,20,2004,8,27
127,Ryan,Christopher,Murphy,1,0,1963-11-17,6311175202182,1,60,1963,11,17
128,Glenn,Charlene,Smith,0,1,1931-07-30,3107301676182,1,93,1931,7,30
129,John,Dustin,Roberts,1,0,1926-11-04,2611046077082,1,97,1926,11,4
130,Chad,Adam,Lowery,0,1,2006-06-06,0606063635182,1,18,2006,6,6
131,Desiree,Brittany,Barnett,1,1,1934-07-23,3407239127182,1,90,1934,7,23
132,John,Patrick,James,0,0,1926-12-15,2612152416182,1,97,1926,12,15
133,Candace,Jason,Hoover,0,1,1933-09-21,3309210605182,1,91,1933,9,21
134,Dalton,Brian,Smith,0,0,1940-07-08,4007081030082,1,84,1940,7,8
135,Jason,Lori,Reynolds,0,0,1961-12-03,6112031931182,1,62,1961,12,3
136,Laura,Kenneth,Norris,0,1,1929-04-14,2904140579082,1,95,1929,4,14
137,John,Jasmine,Ryan,0,0,1934-04-03,3404034241182,1,90,1934,4,3
138,Melissa,Katie,Davis,1,1,2002-04-26,0204267843082,1,22,2002,4,26
139,Nancy,Ryan,Berry,1,1,1954-03-29,5403295936182,1,70,1954,3,29
140,Shannon,Nancy,Bonilla,0,0,1981-05-28,8105281648082,1,43,1981,5,28
141,Jo,Debbie,Harris,1,1,1992-03-17,9203179387082,1,32,1992,3,17
142,Robert,Tina,Nguyen,0,0,1987-10-03,8710031545182,1,37,1987,10,3
143,Sydney,Rachel,Browning,1,0,1955-10-25,5510258838182,1,68,1955,10,25
144,Elizabeth,Janice,Thompson,0,1,2005-01-05,0501050341082,1,19,2005,1,5
145,Jason,Karen,George,1,0,1944-09-02,4409027142082,1,80,1944,9,2
146,Anthony,Becky,Wood,0,0,1961-03-11,6103113761082,1,63,1961,3,11
147,Carlos,Michael,Dominguez,1,0,2004-04-17,0404176846182,1,20,2004,4,17
148,Carol,Rachel,Stewart,1,1,1924-12-14,2412147797182,1,99,1924,12,14
149,Jonathan,Katie,Mcgee,1,0,1926-06-09,2606099665182,1,98,1926,6,9
150,Stephen,Michelle,White,0,1,1971-04-23,7104234195082,1,53,1971,4,23
151,Helen,Amber,Mason,0,1,1957-04-07,5704073164182,1,67,1957,4,7
152,Lynn,Scott,Smith,1,1,1991-03-27,9103275845082,1,33,1991,3,27
153,Amanda,Shane,Cooper,0,1,1926-11-23,2611234016082,1,97,1926,11,23
154,Randy,Kathy,Beard,1,0,1948-04-06,4804068050182,1,76,1948,4,6
155,Elizabeth,Samuel,Jones,1,1,1985-01-03,8501038432082,1,39,1985,1,3
156,Jeffery,Johnny,Foster,1,1,1995-11-22,9511225492082,1,28,1995,11,22
157,Jill,Cody,Bartlett,1,0,1999-11-14,9911149929082,1,24,1999,11,14
158,Richard,Christina,Perry,0,0,1994-10-15,9410151094082,1,29,1994,10,15
159,Emily,Nicholas,Wood,0,1,1990-09-23,9009232214182,1,34,1990,9,23
160,Jesse,Cameron,Gutierrez,0,1,1953-03-17,5303170168082,1,71,1953,3,17
161,Paige,Robert,Houston,0,1,1948-01-27,4801270614082,1,76,1948,1,27
162,Kimberly,Eduardo,Walker,0,1,1996-11-22,9611224533182,1,27,1996,11,22
163,Tanya,Matthew,Lane,1,1,1958-12-13,5812138971182,1,65,1958,12,13
164,Scott,Jessica,Ramsey,0,0,1932-03-14,3203144432082,1,92,1932,3,14
165,Richard,Roger,Kerr,0,0,1978-04-19,7804194531182,1,46,1978,4,19
166,Nathan,Laura,Gallagher,0,1,1946-12-15,4612150965182,1,77,1946,12,15
167,Catherine,George,Chapman,1,1,1988-12-04,8812046285182,1,35,1988,12,4
168,Karen,Henry,Armstrong,0,1,1971-11-09,7111091835182,1,52,1971,11,9
169,Alexander,Eric,Murphy,0,1,1948-03-22,4803220528182,1,76,1948,3,22
170,Lauren,Eric,Stone,1,1,1940-02-24,4002246163082,1,84,1940,2,24
171,James,Joshua,Vega,1,0,1941-09-29,4109295961182,1,83,1941,9,29
172,Michael,Ronald,Jordan,1,0,1993-08-17,9308175379082,1,31,1993,8,17
173,Amber,Erica,Smith,1,0,1993-05-31,9305316412182,1,31,1993,5,31
174,Suzanne,Brandi,Baker,1,1,1992-04-18,9204188646182,1,32,1992,4,18
175,Gene,Vicki,Smith,0,0,1971-06-03,7106030791182,1,53,1971,6,3
176,Dominique,Michael,Obrien,0,1,2004-11-15,0411151704182,1,19,2004,11,15
177,Anthony,Jacob,Hood,0,1,1975-05-25,7505252356082,1,49,1975,5,25
178,Michele,Dennis,Taylor,0,0,1941-04-15,4104151876182,1,83,1941,4,15
179,Joshua,Rick,Hernandez,1,0,1970-09-30,7009307603182,1,54,1970,9,30
180,Robert,Brian,Allen,1,1,1960-01-25,6001255846182,1,64,1960,1,25
181,Jennifer,Rebecca,Wilson,0,1,1997-05-13,9705130747082,1,27,1997,5,13
182,Taylor,Spencer,Atkins,1,1,1984-10-28,8410287772082,1,39,1984,10,28
183,Judy,Mary,Williams,0,1,1946-03-05,4603053836082,1,78,1946,3,5
184,Anthony,Christopher,Perry,0,0,1971-06-11,7106114413182,1,53,1971,6,11
185,Pamela,Eugene,Barker,0,1,1952-09-16,5209161157082,1,72,1952,9,16
186,Erin,Edward,Wilson,1,0,1980-07-27,8007275200082,1,44,1980,7,27
187,James,Patrick,Black,0,0,1986-03-06,8603062884082,1,38,1986,3,6
188,Arthur,Katherine,Frank,1,1,1969-07-23,6907239461182,1,55,1969,7,23
189,Robert,Brian,Kemp,1,0,1993-09-30,9309305150182,1,31,1993,9,30
190,Kayla,William,Roach,0,1,1981-02-15,8102153856082,1,43,1981,2,15
191,Christina,Theresa,Khan,0,1,1965-07-02,6507021746182,1,59,1965,7,2
192,Julia,Linda,Turner,0,1,1994-07-01,9407011587082,1,30,1994,7,1
193,Sergio,Adam,Reeves,0,1,1976-07-14,7607144356182,1,48,1976,7,14
194,William,Nicole,Jones,1,0,1965-02-03,6502036525182,1,59,1965,2,3
195,Carolyn,James,Kelly,1,1,1957-11-02,5711026619082,1,66,1957,11,2
196,Jeremy,Tamara,Scott,1,0,1938-07-20,3807205702082,1,86,1938,7,20
197,Charles,Christopher,Morris,0,0,1974-09-12,7409124635082,1,50,1974,9,12
198,Vicki,Tracy,Randolph,0,0,1988-03-02,8803024061082,1,36,1988,3,2
199,Jennifer,Dean,Taylor,0,1,1965-02-10,6502103109182,1,59,1965,2,10
200,Jason,Rachel,Hale,0,1,1983-10-31,8310311485182,1,40,1983,10,31
201,Tammie,Geoffrey,Maldonado,1,0,1958-02-13,5802137708182,1,66,1958,2,13
202,Amy,Dawn,Shaw,1,1,1978-02-17,7802177876082,1,46,1978,2,17
203,Gregory,Monique,Pierce,0,1,1985-09-19,8509193029082,1,39,1985,9,19
204,Lauren,Mark,Brown,0,0,2003-05-12,0305121516182,1,21,2003,5,12
205,Brett,John,Neal,0,0,1993-12-04,9312040765082,1,30,1993,12,4
206,Joshua,Melissa,Silva,0,1,1976-09-29,7609290319182,1,48,1976,9,29
207,Frederick,Leslie,James,0,0,1985-01-19,8501192459082,1,39,1985,1,19
208,Scott,Ashley,Allen,0,1,2005-06-17,0506170863182,1,19,2005,6,17
209,Lindsey,Dorothy,Hughes,0,0,1957-08-05,5708052817082,1,67,1957,8,5
210,Lauren,Sarah,Kim,1,1,1985-01-24,8501245205182,1,39,1985,1,24
211,Corey,Lisa,Graves,1,0,2001-11-13,0111137393182,1,22,2001,11,13
212,Mary,Danielle,Jones,0,1,1935-07-03,3507031844182,1,89,1935,7,3
213,Mikayla,Patricia,Duarte,0,1,1943-01-03,4301033645182,1,81,1943,1,3
214,Mary,Marie,Johnson,1,1,1948-01-21,4801218566182,1,76,1948,1,21
215,Mason,Sean,Johnson,0,1,2006-03-07,0603073187082,1,18,2006,3,7
216,Ronald,Elizabeth,Wilson,0,0,1951-09-06,5109061098082,1,73,1951,9,6
217,Stephanie,Kevin,Guerrero,0,1,1956-08-29,5608294949082,1,68,1956,8,29
218,Maureen,Alan,Hurst,0,1,1965-12-04,6512042393082,1,58,1965,12,4
219,Stacy,Brenda,Proctor,0,1,1981-09-29,8109293024182,1,43,1981,9,29
220,Courtney,Mark,Cooke,0,1,1960-06-22,6006221042082,1,64,1960,6,22
221,Janice,Christian,Turner,0,0,1964-04-18,6404180075082,1,60,1964,4,18
222,Diana,Anthony,Little,1,0,1976-01-06,7601066304182,1,48,1976,1,6
223,Jennifer,Kevin,Hunter,1,1,1982-02-09,8202098969082,1,42,1982,2,9
224,Rebecca,Paul,Mcdonald,1,1,1929-06-29,2906297912082,1,95,1929,6,29
225,Paul,Stacy,Howard,1,1,1938-11-06,3811069693082,1,85,1938,11,6
226,Rachel,Theresa,Welch,1,1,1956-11-05,5611056626082,1,67,1956,11,5
227,Thomas,Jennifer,Martin,1,1,1934-05-30,3405305431082,1,90,1934,5,30
228,Susan,Dustin,Fischer,1,0,2000-11-14,0011147137182,1,23,2000,11,14
229,Mark,Lisa,Fleming,1,1,1992-01-02,9201025958182,1,32,1992,1,2
230,Jacqueline,James,Brown,1,1,1982-02-26,8202268607182,1,42,1982,2,26
231,Devon,Deborah,Robertson,0,0,1944-07-04,4407041322182,1,80,1944,7,4
232,Sara,Chad,Cole,1,1,1929-02-10,2902105254082,1,95,1929,2,10
233,Ryan,Tina,King,0,1,1998-11-24,9811243850082,1,25,1998,11,24
234,Cassandra,William,Salazar,1,0,1953-08-20,5308208611082,1,71,1953,8,20
235,Kimberly,Susan,Keller,0,1,1930-04-10,3004101632182,1,94,1930,4,10
236,Shannon,Emily,Underwood,0,1,1964-09-13,6409133595182,1,60,1964,9,13
237,Melissa,Michael,Perez,0,1,2002-09-11,0209114773082,1,22,2002,9,11
238,Patricia,Brandon,Phillips,1,1,1943-12-23,4312235900082,1,80,1943,12,23
239,Michael,Michelle,Smith,0,0,1976-02-04,7602040015082,1,48,1976,2,4
240,Jason,Robert,Scott,0,1,1991-09-30,9109302662082,1,33,1991,9,30
241,Bradley,Taylor,Carter,0,0,2006-04-02,0604024429182,1,18,2006,4,2
242,Tonya,Julie,Huang,0,1,1927-08-02,2708020659082,1,97,1927,8,2
243,Adrienne,Nicholas,Johnson,0,0,1945-06-24,4506241733182,1,79,1945,6,24
244,Russell,Catherine,Jacobs,0,1,1982-12-08,8212081425182,1,41,1982,12,8
245,Austin,Anthony,Kaufman,0,1,1963-03-17,6303170050182,1,61,1963,3,17
246,Amy,Kayla,Shaw,0,1,1982-01-03,8201032175182,1,42,1982,1,3
247,Kristi,Robert,Parker,0,0,1927-01-05,2701052517182,1,97,1927,1,5
248,Miranda,Kenneth,May,1,0,1952-08-23,5208237472182,1,72,1952,8,23
249,Timothy,Thomas,Young,1,1,1972-10-17,7210177842082,1,51,1972,10,17
250,Jerry,Tyler,Meyer,0,0,1950-06-09,5006092810082,1,74,1950,6,9
251,Lisa,Brenda,Brown,0,0,1939-04-26,3904261228182,1,85,1939,4,26
252,Walter,Amanda,Alvarez,0,1,1972-04-03,7204031099082,1,52,1972,4,3
253,Melissa,Cesar,Clark,0,1,1945-02-18,4502182732182,1,79,1945,2,18
254,Todd,Kara,Kerr,1,1,1964-06-02,6406028048182,1,60,1964,6,2
255,Jennifer,Tammy,Dyer,0,1,1960-12-13,6012134578082,1,63,1960,12,13
256,Nicholas,Brenda,Flores,1,1,1985-07-22,8507229883182,1,39,1985,7,22
257,Samantha,Anthony,Hughes,1,1,1963-01-27,6301278687082,1,61,1963,1,27
258,Elizabeth,Shawn,Carrillo,0,0,1974-09-30,7409302502082,1,50,1974,9,30
259,Jillian,Jennifer,Morrow,0,1,1969-09-05,6909054184082,1,55,1969,9,5
260,Sherry,Katelyn,Garza,1,1,1934-06-05,3406058202082,1,90,1934,6,5
261,Terry,Lori,Gilbert,1,0,1989-05-16,8905168782082,1,35,1989,5,16
262,Ian,Tony,Salas,0,1,1960-09-27,6009271717182,1,64,1960,9,27
263,Katherine,Carmen,Macdonald,1,0,1982-02-22,8202229862082,1,42,1982,2,22
264,Laura,Bob,Murillo,0,1,1929-01-12,2901122875082,1,95,1929,1,12
265,Craig,Rose,Harrison,0,1,1962-09-17,6209171135182,1,62,1962,9,17
266,Lauren,Taylor,Molina,1,0,1955-02-25,5502259534082,1,69,1955,2,25
267,Melissa,Joseph,Osborne,1,1,1984-11-15,8411155972082,1,39,1984,11,15
268,Susan,Stephen,Espinoza,1,0,1951-12-31,5112316793082,1,72,1951,12,31
269,Donna,Morgan,Evans,0,1,1977-09-22,7709221831182,1,47,1977,9,22
270,Maria,Christopher,Thompson,1,0,1974-05-13,7405137175082,1,50,1974,5,13
271,John,Brittney,Sullivan,0,1,1976-01-21,7601214780182,1,48,1976,1,21
272,James,Donald,Zimmerman,0,1,1940-03-10,4003102242082,1,84,1940,3,10
273,Sarah,Eric,King,0,0,1937-12-06,3712061149182,1,86,1937,12,6
274,Deborah,Kelly,Brandt,1,0,1929-02-11,2902116364182,1,95,1929,2,11
275,Heather,Paige,Schmidt,1,1,1929-05-10,2905108829082,1,95,1929,5,10
276,Daniel,Alice,Duncan,1,0,1985-10-04,8510048439082,1,39,1985,10,4
277,Brandy,Daniel,Ramirez,1,0,1954-01-18,5401186899182,1,70,1954,1,18
278,Karen,Dennis,Lopez,0,1,1996-05-20,9605203411182,1,28,1996,5,20
279,Amanda,Laura,Garcia,0,1,1987-09-26,8709261190182,1,37,1987,9,26
280,Dawn,Angela,Phillips,1,1,1989-12-04,8912047723182,1,34,1989,12,4
281,Lauren,Michael,Williamson,1,1,1946-01-13,4601136511082,1,78,1946,1,13
282,David,Andrew,Savage,0,0,1976-03-29,7603294459082,1,48,1976,3,29
283,Barry,Allison,Sanchez,0,0,1969-06-17,6906170237082,1,55,1969,6,17
284,Kevin,Brittany,Barnes,1,0,1955-06-09,5506095056182,1,69,1955,6,9
285,Jeremy,Sarah,Price,0,0,1957-09-27,5709271064182,1,67,1957,9,27
286,Debbie,Joseph,Hughes,0,1,1943-07-30,4307301840182,1,81,1943,7,30
287,Denise,Stephanie,Trujillo,0,0,1997-01-30,9701300842182,1,27,1997,1,30
288,Stephen,Jason,Davidson,1,1,1998-05-07,9805075530082,1,26,1998,5,7
289,Steve,Jorge,Brown,0,0,1930-09-13,3009133373182,1,94,1930,9,13
290,Frederick,Tracy,Park,1,0,1939-04-02,3904027344182,1,85,1939,4,2
291,Deanna,Heidi,Jacobs,0,0,1972-02-16,7202161345182,1,52,1972,2,16
292,Luke,Scott,Good,0,0,1947-07-23,4707233108082,1,77,1947,7,23
293,Julie,Meghan,Murphy,0,1,1980-01-10,8001100083082,1,44,1980,1,10
294,Angela,Collin,Keller,1,1,1943-07-23,4307236438182,1,81,1943,7,23
295,Tiffany,Zachary,Guerrero,0,1,1929-11-20,2911204129182,1,94,1929,11,20
296,Emily,Perry,Moore,0,0,1944-10-04,4410043897182,1,80,1944,10,4
297,Terri,Scott,Odonnell,1,1,1961-11-30,6111308219082,1,62,1961,11,30
298,John,Brittany,Graves,0,1,1930-08-24,3008243310082,1,94,1930,8,24
299,Sabrina,Tammy,Collier,1,0,1925-10-10,2510108359082,1,99,1925,10,10
300,Jonathan,Linda,Hughes,1,1,1945-08-09,4508099268082,1,79,1945,8,9
301,Sabrina,Bryce,Howard,0,0,1993-10-14,9310141323182,1,30,1993,10,14
302,Deborah,Aimee,Rodriguez,1,1,1931-12-06,3112065063182,1,92,1931,12,6
303,Daryl,Edward,Farrell,1,0,1932-02-24,3202249303082,1,92,1932,2,24
304,Tammy,Corey,Gonzalez,1,1,1956-09-05,5609056211082,1,68,1956,9,5
305,Adam,Linda,Jackson,1,0,1944-12-28,4412287042082,1,79,1944,12,28
306,Victoria,Patricia,Jones,0,1,1996-06-09,9606090908082,1,28,1996,6,9
307,Victor,Tiffany,Mitchell,0,0,1992-02-13,9202133720082,1,32,1992,2,13
308,Deborah,Stephanie,Good,1,0,1963-11-09,6311096203182,1,60,1963,11,9
309,Michelle,Olivia,Kennedy,1,1,1990-11-03,9011036607182,1,33,1990,11,3
310,David,Randall,Kerr,1,1,1933-09-26,3309267010082,1,91,1933,9,26
311,Susan,Virginia,Chen,0,1,1987-01-02,8701023885182,1,37,1987,1,2
312,Erica,Maria,Hodges,0,0,1939-05-03,3905030929182,1,85,1939,5,3
313,Ashley,Shari,Hansen,0,1,1940-06-07,4006071896082,1,84,1940,6,7
314,Travis,Joyce,Green,1,1,1983-09-13,8309135272182,1,41,1983,9,13
315,Bryan,Robert,Fletcher,1,1,1998-04-25,9804258210082,1,26,1998,4,25
316,Kathleen,Danielle,Fernandez,0,1,1939-12-17,3912173999182,1,84,1939,12,17
317,Barbara,Isabel,Williams,1,1,1929-01-14,2901146037082,1,95,1929,1,14
318,Kathy,Angelica,Preston,1,1,1942-01-25,4201256410082,1,82,1942,1,25
319,Jeffrey,Joe,Allen,0,0,2000-07-04,0007044110082,1,24,2000,7,4
320,Jonathan,Frank,Sloan,1,1,1988-11-24,8811249863182,1,35,1988,11,24
321,Tyler,Scott,Webb,1,0,1937-12-26,3712269085082,1,86,1937,12,26
322,David,Sharon,Shannon,1,0,1963-04-18,6304187806082,1,61,1963,4,18
323,Laura,Shelby,Robinson,0,1,1969-01-04,6901043017182,1,55,1969,1,4
324,Shawna,Michelle,Johnson,0,0,1966-11-28,6611283059182,1,57,1966,11,28
325,Kathleen,James,Garcia,0,0,1986-06-27,8606270294182,1,38,1986,6,27
326,Elizabeth,Sean,Cruz,0,0,1927-09-13,2709134708082,1,97,1927,9,13
327,Catherine,Sandra,Huang,0,0,1962-01-05,6201050134182,1,62,1962,1,5
328,Diana,Scott,Flores,1,0,1965-11-13,6511137298082,1,58,1965,11,13
329,Robert,Shane,Kirby,0,1,1931-08-21,3108210821182,1,93,1931,8,21
330,Jeanne,Kelsey,Compton,1,1,1980-01-13,8001137330182,1,44,1980,1,13
331,Kevin,Alexis,Rocha,0,1,1973-11-20,7311200223182,1,50,1973,11,20
332,Melanie,Thomas,Miller,1,1,1949-12-11,4912119171082,1,74,1949,12,11
333,Brian,Kurt,Fritz,1,0,1972-07-18,7207188715082,1,52,1972,7,18
334,Diane,Michael,Lawrence,0,0,1958-06-11,5806112289082,1,66,1958,6,11
335,Melissa,Jared,Higgins,1,1,1951-08-23,5108239188182,1,73,1951,8,23
336,Carlos,Timothy,Cooper,1,1,1935-07-07,3507076147182,1,89,1935,7,7
337,Melissa,Travis,Ward,0,1,1954-08-12,5408121061082,1,70,1954,8,12
338,Nicholas,Rebecca,Goodwin,1,0,2001-01-02,0101029459082,1,23,2001,1,2
339,April,Victoria,Carter,0,1,1971-10-01,7110013133082,1,53,1971,10,1
340,Cindy,Chad,Stanley,1,1,1936-02-16,3602169677182,1,88,1936,2,16
341,Robert,Vanessa,Myers,0,0,1930-07-16,3007163242182,1,94,1930,7,16
342,John,Megan,Weeks,0,1,1990-11-12,9011121861182,1,33,1990,11,12
343,Penny,John,Daniels,1,0,1947-09-02,4709028909082,1,77,1947,9,2
344,Christy,Billy,Robinson,1,1,1967-11-07,6711075324082,1,56,1967,11,7
345,Steven,Michael,Campbell,1,1,1937-10-18,3710185739182,1,87,1937,10,18
346,Kelly,Paula,Shelton,0,1,1931-11-28,3111282417182,1,92,1931,11,28
347,Amanda,Madeline,Patrick,0,1,2005-09-15,0509150123082,1,19,2005,9,15
348,Samantha,Andrew,Thompson,0,0,1950-11-03,5011034511182,1,73,1950,11,3
349,Susan,Anthony,Wilkerson,0,0,1967-03-03,6703033351082,1,57,1967,3,3
350,Cassandra,Jennifer,Obrien,0,0,2003-06-14,0306140015082,1,21,2003,6,14
351,Jennifer,Alyssa,Graham,0,0,1984-03-16,8403164014182,1,40,1984,3,16
352,Rebecca,Ian,Powell,1,0,1968-07-04,6807047778182,1,56,1968,7,4
353,Matthew,William,Little,1,0,2005-05-10,0505106076082,1,19,2005,5,10
354,Joshua,Patrick,Smith,1,0,1977-10-03,7710036434182,1,47,1977,10,3
355,Robert,Shawn,Moore,1,0,1950-05-15,5005158513082,1,74,1950,5,15
356,Ryan,Joshua,Valentine,0,1,1939-07-23,3907234360182,1,85,1939,7,23
357,Valerie,Cynthia,Lee,1,0,1934-09-07,3409076131182,1,90,1934,9,7
358,Joseph,Shannon,Miller,0,1,1927-08-10,2708100867182,1,97,1927,8,10
359,Dana,Ariel,Hunt,1,1,1981-09-20,8109206202182,1,43,1981,9,20
360,Robert,Christopher,Callahan,0,0,1960-08-09,6008092602082,1,64,1960,8,9
361,Steven,Rachel,Pierce,1,0,1937-11-18,3711187959082,1,86,1937,11,18
362,Brian,James,Foster,0,1,1989-12-20,8912201340182,1,34,1989,12,20
363,Bridget,Eric,Mason,0,0,1987-09-19,8709191295082,1,37,1987,9,19
364,Austin,Alejandro,Williams,0,0,1973-01-21,7301212136082,1,51,1973,1,21
365,Carlos,Andrew,Woodard,1,1,1976-05-24,7605249553082,1,48,1976,5,24
366,Matthew,Ryan,Mcdowell,1,0,1958-03-03,5803036698182,1,66,1958,3,3
367,Melanie,Daniel,Park,0,1,1928-01-19,2801190670082,1,96,1928,1,19
368,Brandon,John,French,0,1,1955-04-17,5504170686082,1,69,1955,4,17
369,Jennifer,Jessica,Adams,1,0,1980-12-20,8012205645182,1,43,1980,12,20
370,Andrew,David,Norton,0,1,1990-02-05,9002053234082,1,34,1990,2,5
371,Laura,Paul,Nguyen,0,0,1937-04-18,3704182425182,1,87,1937,4,18
372,Allison,Elizabeth,Richardson,1,0,1934-09-21,3409216595182,1,90,1934,9,21
373,Lauren,Dean,Porter,1,0,1979-07-02,7907026853082,1,45,1979,7,2
374,Diane,Katherine,Collins,1,0,1930-08-29,3008295647082,1,94,1930,8,29
375,Ashley,Elizabeth,Moore,0,0,1962-03-31,6203310679182,1,62,1962,3,31
376,James,Tammy,Joseph,0,1,1933-08-04,3308042588182,1,91,1933,8,4
377,Chad,Shannon,White,0,1,1945-03-26,4503260824082,1,79,1945,3,26
378,Timothy,Allison,Cunningham,0,0,1956-05-12,5605120612082,1,68,1956,5,12
379,Matthew,William,Palmer,0,1,1999-07-08,9907081265182,1,25,1999,7,8
380,Lindsey,Stacy,Grant,1,1,1974-07-29,7407299400082,1,50,1974,7,29
381,Helen,Chad,Page,0,0,1953-12-19,5312191706182,1,70,1953,12,19
382,Miranda,Justin,York,0,1,1978-10-12,7810121164182,1,45,1978,10,12
383,Shannon,Robert,Mcdaniel,0,1,1950-04-01,5004012190082,1,74,1950,4,1
384,Jerry,Adam,Brown,0,1,1949-02-11,4902111570082,1,75,1949,2,11
385,Lauren,Kenneth,Lee,0,0,1972-10-25,7210253740082,1,51,1972,10,25
386,Anna,Lindsey,King,1,1,1938-02-08,3802089873082,1,86,1938,2,8
387,John,Johnathan,Wilson,1,1,1963-11-29,6311299087182,1,60,1963,11,29
388,Sally,Tommy,Gray,0,1,1991-12-24,9112243219182,1,32,1991,12,24
389,Alex,Michael,Baker,0,0,1988-03-10,8803104203082,1,36,1988,3,10
390,Jacob,Ronald,Martinez,1,0,1939-09-21,3909217663082,1,85,1939,9,21
391,Jessica,Gregory,Lopez,1,0,1925-09-03,2509037177182,1,99,1925,9,3
392,Victoria,Joanna,Nelson,0,1,1967-10-28,6710281190082,1,56,1967,10,28
393,Aaron,John,Leonard,0,1,1926-02-01,2602012703182,1,98,1926,2,1
394,Amber,Amanda,Johnson,0,1,1983-08-16,8308161401182,1,41,1983,8,16
395,Lonnie,Mary,Pena,1,1,1925-11-14,2511149160082,1,98,1925,11,14
396,James,Stephanie,Park,0,1,1995-09-25,9509253843182,1,29,1995,9,25
397,Jasmin,Anna,Huff,1,0,1930-10-16,3010168293082,1,94,1930,10,16
398,Richard,Eduardo,Bartlett,0,1,1942-08-22,4208222189082,1,82,1942,8,22
399,Alicia,Brian,Garza,0,0,1995-11-09,9511092784182,1,28,1995,11,9
400,Lisa,Tina,Walker,1,0,2004-10-24,0410247144182,1,19,2004,10,24
401,Sarah,Brittany,Lambert,1,1,1945-12-17,4512179515182,1,78,1945,12,17
402,Gregory,Troy,Mueller,0,0,1940-11-29,4011292278082,1,83,1940,11,29
403,William,Charles,Stevens,1,0,1934-12-16,3412166343082,1,89,1934,12,16
404,Brian,Steven,Schultz,0,0,1947-01-11,4701112078182,1,77,1947,1,11
405,Krista,Brian,Acosta,1,0,1927-10-11,2710116604082,1,97,1927,10,11
406,Maria,Barbara,Nguyen,0,0,1966-08-05,6608051461182,1,58,1966,8,5
407,Sabrina,Philip,Henderson,1,0,1999-07-18,9907188641182,1,25,1999,7,18
408,Curtis,George,Davis,0,1,1977-06-07,7706074231182,1,47,1977,6,7
409,Ashley,Curtis,Bennett,0,0,1971-04-15,7104151192182,1,53,1971,4,15
410,Michael,Ryan,Welch,0,1,1926-04-18,2604181310082,1,98,1926,4,18
411,Thomas,Gary,Parsons,1,0,1993-12-16,9312166247182,1,30,1993,12,16
412,Andrew,Gary,Jones,0,0,1950-01-09,5001092454082,1,74,1950,1,9
413,Sharon,Jamie,Tucker,0,1,1970-03-07,7003072999082,1,54,1970,3,7
414,Becky,Sabrina,Arnold,0,0,1988-05-16,8805164692082,1,36,1988,5,16
415,Zachary,Ashley,Morgan,1,0,1985-10-20,8510205920182,1,38,1985,10,20
416,Derek,Angela,Turner,0,1,1993-01-17,9301173877082,1,31,1993,1,17
417,Jasmine,April,Arias,1,1,1984-04-25,8404259366182,1,40,1984,4,25
418,Joseph,William,Holt,1,1,2000-09-05,0009059805182,1,24,2000,9,5
419,Kathy,Kelly,Williams,0,0,1950-12-07,5012072387182,1,73,1950,12,7
420,Chad,Jamie,West,1,0,1981-07-09,8107095427182,1,43,1981,7,9
421,Clarence,Jessica,Morris,0,0,1949-03-24,4903243767082,1,75,1949,3,24
422,Thomas,Patrick,Jordan,1,1,1979-08-13,7908136933182,1,45,1979,8,13
423,Daniel,Christina,Mora,1,0,1955-05-31,5505315296082,1,69,1955,5,31
424,Matthew,Robin,Marsh,1,0,2003-08-10,0308106822182,1,21,2003,8,10
425,Paula,Patricia,Wright,1,0,1987-01-08,8701088817182,1,37,1987,1,8
426,David,Karen,Cain,1,1,1954-07-03,5407036675182,1,70,1954,7,3
427,Erin,Austin,Keller,1,1,2006-07-06,0607069192182,1,18,2006,7,6
428,Jonathan,Jessica,Miller,1,0,1940-01-09,4001097174182,1,84,1940,1,9
429,Christopher,Brian,Castillo,0,0,1941-07-05,4107053632082,1,83,1941,7,5
430,Christopher,Joseph,Gray,1,0,1928-08-30,2808309546182,1,96,1928,8,30
431,Marcia,David,Perez,1,0,1986-08-22,8608226466182,1,38,1986,8,22
432,Jacob,Patrick,Mckay,0,0,1990-02-01,9002010396182,1,34,1990,2,1
433,Amy,Patricia,Bennett,0,1,1933-03-02,3303021940182,1,91,1933,3,2
434,Vanessa,Christian,Olsen,0,0,1984-08-25,8408253147182,1,40,1984,8,25
435,William,Tamara,Gomez,0,1,1975-12-03,7512031865182,1,48,1975,12,3
436,Karen,Alicia,Meyer,1,1,1994-02-09,9402095442082,1,30,1994,2,9
437,Justin,Christopher,Brown,1,0,1965-06-22,6506228423082,1,59,1965,6,22
438,Mariah,Randall,Perry,0,0,1979-05-15,7905153376082,1,45,1979,5,15
439,Amber,Jacqueline,Ortiz,0,1,2002-07-19,0207190023082,1,22,2002,7,19
440,Michele,Sarah,Bell,0,1,2005-01-10,0501101697182,1,19,2005,1,10
441,Nicole,Andrea,Martin,0,1,1982-07-21,8207214845182,1,42,1982,7,21
442,Christine,Emily,Cannon,1,1,1944-11-21,4411217791182,1,79,1944,11,21
443,Deborah,Angela,Washington,1,1,1958-07-03,5807037633082,1,66,1958,7,3
444,Amanda,Jamie,Turner,1,1,1986-05-16,8605166093182,1,38,1986,5,16
445,Allen,Robert,Leonard,1,0,1998-11-05,9811055057182,1,25,1998,11,5
446,Heather,Christopher,Hubbard,1,1,1989-05-18,8905188643182,1,35,1989,5,18
447,Tristan,Katherine,Shaw,0,0,1972-09-23,7209232160082,1,52,1972,9,23
448,Joseph,Brian,Hatfield,0,1,1959-06-11,5906111213182,1,65,1959,6,11
449,Catherine,Tracy,Ramsey,0,1,1997-05-15,9705154747182,1,27,1997,5,15
450,Joshua,Frank,Moore,1,0,1947-03-26,4703267044182,1,77,1947,3,26
451,April,Sara,Bell,1,0,1926-03-17,2603179502182,1,98,1926,3,17
452,Anthony,Bobby,Cox,1,1,1943-02-12,4302126331082,1,81,1943,2,12
453,Thomas,Julia,Brown,1,0,2005-06-05,0506055336182,1,19,2005,6,5
454,Marie,Melanie,Evans,0,0,1981-05-31,8105314486182,1,43,1981,5,31
455,William,Bailey,Deleon,0,0,1954-08-11,5408113012182,1,70,1954,8,11
456,Eduardo,Debra,Strong,1,1,2000-09-02,0009025812082,1,24,2000,9,2
457,Linda,Michael,Mckay,0,0,1977-11-21,7711210676082,1,46,1977,11,21
458,Diana,Jacob,Young,1,0,1957-01-17,5701175816082,1,67,1957,1,17
459,James,Jacob,Branch,1,0,1946-08-29,4608298578082,1,78,1946,8,29
460,Justin,Jeremy,Bowman,0,1,1943-09-15,4309151066182,1,81,1943,9,15
461,Arthur,Blake,Howard,1,0,2006-04-11,0604118051082,1,18,2006,4,11
462,Jaclyn,Curtis,Murphy,0,0,1932-10-22,3210222942182,1,92,1932,10,22
463,Allison,Robert,Wolfe,1,1,2001-03-03,0103038746082,1,23,2001,3,3
464,Sean,Rick,Pham,1,1,1929-07-29,2907297850082,1,95,1929,7,29
465,David,Todd,Ramirez,1,1,1971-11-23,7111236079182,1,52,1971,11,23
466,Ashley,Tina,Jones,1,0,1962-06-23,6206236730182,1,62,1962,6,23
467,Jessica,Taylor,Moran,0,1,1972-10-09,7210093525082,1,52,1972,10,9
468,Denise,Sarah,Wood,0,0,1967-02-02,6702024242182,1,57,1967,2,2
469,Rachel,Emma,Pitts,1,0,1993-04-11,9304119890082,1,31,1993,4,11
470,Randy,Ricky,Hill,0,1,1930-05-14,3005143199182,1,94,1930,5,14
471,Peter,Danielle,Lamb,1,1,1978-04-26,7804265016182,1,46,1978,4,26
472,Antonio,Katherine,Armstrong,1,1,1938-11-19,3811195246082,1,85,1938,11,19
473,Laura,Timothy,Lang,0,0,1975-03-18,7503184099082,1,49,1975,3,18
474,Jennifer,Joshua,Walsh,1,1,1925-11-15,2511159622182,1,98,1925,11,15
475,Randy,Nicholas,White,0,0,1943-12-07,4312072814082,1,80,1943,12,7
476,Timothy,Kristen,Bradshaw,1,0,1966-08-05,6608057051082,1,58,1966,8,5
477,Jessica,Darius,Adkins,1,0,1958-02-21,5802215774182,1,66,1958,2,21
478,Christopher,Jonathan,Henderson,1,0,2003-07-21,0307217839082,1,21,2003,7,21
479,Thomas,Catherine,Nash,1,1,1953-08-03,5308035396182,1,71,1953,8,3
480,Jason,Lawrence,Flores,1,1,1945-03-22,4503228106182,1,79,1945,3,22
481,Jennifer,Kellie,Shields,1,1,1969-07-02,6907028811182,1,55,1969,7,2
482,Evan,Kari,Turner,0,1,2006-01-09,0601092046082,1,18,2006,1,9
483,Jessica,Joseph,Fleming,1,1,1969-06-16,6906165401182,1,55,1969,6,16
484,Rachel,Donna,Allen,1,1,1926-10-05,2610056952182,1,98,1926,10,5
485,Jonathan,Donna,Jones,1,0,1950-12-08,5012086769182,1,73,1950,12,8
486,Maureen,Thomas,Farmer,0,1,1992-09-13,9209132445082,1,32,1992,9,13
487,Nancy,Jesse,Mcdonald,0,1,1979-11-16,7911161295082,1,44,1979,11,16
488,Steven,Peter,Pope,1,1,2001-02-20,0102208859082,1,23,2001,2,20
489,Michael,James,Hooper,0,1,1987-05-08,8705080392082,1,37,1987,5,8
490,Casey,Dustin,Barnes,0,0,1965-05-20,6505201565082,1,59,1965,5,20
491,Sarah,Samantha,Hall,0,0,1935-06-16,3506160233082,1,89,1935,6,16
492,Phillip,Nicole,Austin,0,1,1939-06-02,3906022716082,1,85,1939,6,2
493,Michael,Michael,Montoya,1,0,1997-04-27,9704278589082,1,27,1997,4,27
494,Danielle,Tanya,Hernandez,1,1,1980-02-06,8002068606082,1,44,1980,2,6
495,John,Randy,Nguyen,0,1,1971-12-18,7112180575182,1,52,1971,12,18
496,Joseph,Jeffrey,Obrien,0,1,1949-08-30,4908301982182,1,75,1949,8,30
497,Bradley,Michael,Diaz,0,0,1969-08-19,6908191260082,1,55,1969,8,19
498,Deborah,Daniel,Cherry,1,0,1993-07-24,9307249458182,1,31,1993,7,24
499,Christopher,Stephanie,Edwards,0,1,2006-03-22,0603224267082,1,18,2006,3,22
500,Benjamin,Derek,Miller,1,1,1982-09-04,8209049173182,1,42,1982,9,4
501,Cynthia,Thomas,White,0,0,1988-05-31,8805310313182,1,36,1988,5,31
502,Natasha,Alexandra,White,0,1,1955-01-25,5501253777082,1,69,1955,1,25
503,Carol,Robert,Byrd,0,0,1944-10-18,4410184808082,1,80,1944,10,18
504,Megan,Jason,Williamson,0,0,1992-06-14,9206142248082,1,32,1992,6,14
505,Joshua,Gabriel,Henson,1,0,1954-07-18,5407186030182,1,70,1954,7,18
506,Teresa,Thomas,Martin,0,0,1930-03-23,3003231055182,1,94,1930,3,23
507,Matthew,James,Cooke,1,0,1928-09-09,2809096067182,1,96,1928,9,9
508,Cheryl,William,Green,0,0,1972-06-19,7206193572082,1,52,1972,6,19
509,Julia,James,Murphy,1,0,1955-07-11,5507115318082,1,69,1955,7,11
510,Rebecca,Benjamin,Ewing,1,0,1953-07-17,5307175358082,1,71,1953,7,17
511,Sandra,Jeremy,Vincent,0,0,1967-11-10,6711104009182,1,56,1967,11,10
512,Ashley,Cynthia,Day,0,0,1949-10-20,4910201387082,1,74,1949,10,20
513,Charles,James,Smith,0,0,1935-06-09,3506091226182,1,89,1935,6,9
514,Patricia,James,Wolfe,1,1,1942-12-18,4212188964082,1,81,1942,12,18
515,Katherine,Christina,Johnson,1,0,1968-01-30,6801307609182,1,56,1968,1,30
516,Virginia,David,Hicks,0,0,1925-02-21,2502213201082,1,99,1925,2,21
517,Tanya,Heather,Schmidt,0,1,1927-01-04,2701044257182,1,97,1927,1,4
518,Anthony,Jon,Davis,0,0,1970-09-26,7009261256082,1,54,1970,9,26
519,Katrina,Amy,Moreno,1,1,1974-12-20,7412208068082,1,49,1974,12,20
520,Stacey,Laura,Colon,1,0,1954-05-15,5405158419082,1,70,1954,5,15
521,Teresa,Sarah,Wilson,1,1,1950-07-22,5007226448182,1,74,1950,7,22
522,Denise,Jerry,Nunez,1,0,1934-09-08,3409089312182,1,90,1934,9,8
523,Jennifer,Gregory,Peterson,1,0,1954-04-13,5404138940082,1,70,1954,4,13
524,Kiara,Charles,Ritter,0,1,1986-11-06,8611062349082,1,37,1986,11,6
525,Michael,Kirk,Reeves,1,0,1966-11-14,6611148032082,1,57,1966,11,14
526,John,Russell,Riley,0,1,1992-11-21,9211214292182,1,31,1992,11,21
527,Andrew,Raymond,Sutton,1,1,1974-11-23,7411235362182,1,49,1974,11,23
528,Rachel,Micheal,Smith,0,1,1947-07-13,4707130499182,1,77,1947,7,13
529,Sara,Daniel,Jones,0,1,2002-10-09,0210093141182,1,21,2002,10,9
530,Denise,Annette,Everett,0,1,1950-07-16,5007160355082,1,74,1950,7,16
531,Lauren,Alan,Bates,1,0,1924-11-09,2411099310082,1,99,1924,11,9
532,Joshua,Jessica,Zimmerman,0,0,1930-08-29,3008292708182,1,94,1930,8,29
533,Alexandria,Julie,Cohen,0,0,1971-08-20,7108200006082,1,53,1971,8,20
534,Shelly,Wesley,Crawford,1,0,1957-02-05,5702056322082,1,67,1957,2,5
535,Nicholas,Sarah,Bowers,0,1,1973-08-13,7308134455182,1,51,1973,8,13
536,Katherine,Joyce,Gonzales,0,1,1971-04-28,7104283902082,1,53,1971,4,28
537,Cynthia,Jeffery,Jones,0,1,2003-08-24,0308242965082,1,21,2003,8,24
538,John,Jacob,David,1,1,1999-11-05,9911055043082,1,24,1999,11,5
539,Megan,Shirley,Velazquez,1,1,2005-01-27,0501279309082,1,19,2005,1,27
540,James,Bruce,Mason,1,1,2002-09-24,0209246068082,1,22,2002,9,24
541,Harold,Ethan,Watts,0,0,1997-05-04,9705043745082,1,27,1997,5,4
542,Christopher,Daniel,Johnson,0,1,1953-08-18,5308184310082,1,71,1953,8,18
543,Diana,Jessica,Simpson,1,0,1965-11-16,6511165369182,1,58,1965,11,16
544,Joseph,Dylan,Brown,0,0,1995-09-18,9509183106182,1,29,1995,9,18
545,Deborah,Alex,Sanchez,0,1,1992-02-12,9202123007082,1,32,1992,2,12
546,Edward,Rhonda,Solis,1,1,1947-05-26,4705268917082,1,77,1947,5,26
547,Kelly,Natalie,Spencer,1,1,1961-10-26,6110266039182,1,62,1961,10,26
548,John,Mathew,Clark,0,1,2005-07-12,0507124339182,1,19,2005,7,12
549,Daniel,Gwendolyn,Ho,0,1,1973-04-13,7304130254182,1,51,1973,4,13
550,Justin,Emily,Hooper,0,1,1980-04-03,8004031040082,1,44,1980,4,3
551,Michael,Cody,Little,1,0,1972-02-08,7202088927082,1,52,1972,2,8
552,Kevin,Samuel,Snyder,1,0,1936-09-17,3609175505182,1,88,1936,9,17
553,Sylvia,Jonathan,Burns,1,1,1987-03-10,8703109544082,1,37,1987,3,10
554,William,Jacob,Burgess,0,1,1959-12-14,5912143113082,1,64,1959,12,14
555,Christopher,Lisa,Steele,0,1,1959-02-13,5902134365182,1,65,1959,2,13
556,Ricardo,Patricia,Howe,0,1,1983-01-06,8301060143182,1,41,1983,1,6
557,Michelle,Kimberly,Barton,1,0,1949-07-14,4907145429082,1,75,1949,7,14
558,Brian,Vanessa,Williams,1,1,1944-02-23,4402239323082,1,80,1944,2,23
559,Kathy,Mallory,Porter,0,0,1958-08-30,5808302602082,1,66,1958,8,30
560,Michele,Matthew,Jacobson,1,0,1973-01-23,7301236558182,1,51,1973,1,23
561,Brooke,Deanna,Smith,1,1,1986-06-06,8606068476082,1,38,1986,6,6
562,Taylor,Dawn,Torres,1,1,2005-06-11,0506117892082,1,19,2005,6,11
563,Marie,Bradley,English,1,0,1949-07-01,4907015139182,1,75,1949,7,1
564,Thomas,Tammy,Boyd,1,0,1984-10-10,8410109156182,1,39,1984,10,10
565,Jennifer,Christine,Pearson,0,0,1940-07-25,4007250072082,1,84,1940,7,25
566,Annette,Linda,Smith,1,1,2000-12-17,0012177563082,1,23,2000,12,17
567,Amanda,David,Anthony,0,1,1976-09-29,7609290671182,1,48,1976,9,29
568,Herbert,Crystal,Lewis,1,0,1932-08-31,3208317296082,1,92,1932,8,31
569,John,Thomas,Lopez,1,1,1931-01-08,3101086277182,1,93,1931,1,8
570,Leah,Samuel,Maxwell,0,0,1965-09-19,6509191152182,1,59,1965,9,19
571,Charles,Charles,Sanchez,1,0,1980-08-23,8008239578182,1,44,1980,8,23
572,Chad,Justin,Lee,1,0,1937-07-21,3707219057182,1,87,1937,7,21
573,Dylan,Jackson,Meyer,1,0,1975-12-20,7512206297182,1,48,1975,12,20
574,Amber,Katie,Wagner,0,1,1934-03-13,3403132572182,1,90,1934,3,13
575,Crystal,Philip,Hall,1,0,1968-03-11,6803115776082,1,56,1968,3,11
576,Katie,Laura,Bauer,0,1,1962-08-13,6208132761182,1,62,1962,8,13
577,James,Brenda,Barnes,0,0,1999-04-17,9904170878082,1,25,1999,4,17
578,Nicholas,Earl,Shaw,0,1,1946-09-02,4609020211082,1,78,1946,9,2
579,Linda,Cameron,Edwards,1,0,1958-12-24,5812245082182,1,65,1958,12,24
580,Dwayne,Lisa,Wilson,1,1,1952-01-27,5201275161182,1,72,1952,1,27
581,Vincent,Cynthia,Jackson,1,0,2000-06-03,0006038809082,1,24,2000,6,3
582,Megan,Joy,Spencer,1,1,1933-05-11,3305116380082,1,91,1933,5,11
583,Monica,Jennifer,White,1,1,1994-09-29,9409295979082,1,30,1994,9,29
584,Kathryn,Patricia,Mckay,0,0,1982-02-11,8202113618182,1,42,1982,2,11
585,Colin,Tyler,Moore,1,1,1979-12-20,7912209127182,1,44,1979,12,20
586,Jay,Zachary,Flores,1,1,1948-11-28,4811289147082,1,75,1948,11,28
587,Jean,Stacie,Ross,1,0,1953-02-04,5302046720082,1,71,1953,2,4
588,Jesus,Jamie,Cannon,1,1,1934-12-31,3412315452082,1,89,1934,12,31
589,Robert,Katelyn,Dominguez,0,1,1949-10-28,4910281817182,1,74,1949,10,28
590,Michael,James,Willis,0,1,1976-12-02,7612024901082,1,47,1976,12,2
591,Karen,Jeremy,Ramirez,1,1,1998-05-12,9805129089182,1,26,1998,5,12
592,Zachary,Preston,King,0,0,1974-10-16,7410161075082,1,49,1974,10,16
593,Walter,Melissa,Berry,1,0,1962-01-02,6201026674082,1,62,1962,1,2
594,Nichole,John,Rodriguez,1,0,1991-10-23,9110239072082,1,32,1991,10,23
595,Debbie,William,White,1,1,1976-10-14,7610146013082,1,47,1976,10,14
596,Brian,Janet,Aguilar,1,1,1932-04-16,3204166962182,1,92,1932,4,16
597,Heather,Joel,Gonzales,0,1,1965-04-20,6504203189082,1,59,1965,4,20
598,Cassandra,Mark,Campos,1,0,1990-04-02,9004029067082,1,34,1990,4,2
599,Hannah,Anita,Martin,1,1,1984-11-19,8411197033182,1,39,1984,11,19
600,Maria,Kenneth,Freeman,0,0,1939-09-16,3909161862082,1,85,1939,9,16
601,Katrina,Timothy,Aguirre,1,1,1980-05-05,8005057203182,1,44,1980,5,5
602,Arthur,Adam,Chang,0,0,1934-10-05,3410052432182,1,90,1934,10,5
603,Jennifer,Kevin,Vazquez,0,1,1970-07-07,7007070419082,1,54,1970,7,7
604,Aaron,Laura,Johnson,0,1,1973-01-11,7301111607082,1,51,1973,1,11
605,Laura,Erin,Poole,1,1,1960-06-30,6006306629182,1,64,1960,6,30
606,Amy,Justin,Gillespie,0,1,1962-04-20,6204204293082,1,62,1962,4,20
607,Peter,Dennis,Brewer,0,1,1952-06-14,5206144729082,1,72,1952,6,14
608,Makayla,Stacey,Wallace,1,0,1950-09-04,5009045556182,1,74,1950,9,4
609,Elizabeth,Michael,Farmer,0,1,1963-02-06,6302061311082,1,61,1963,2,6
610,Cindy,Alexis,Henry,0,0,1974-03-08,7403082799082,1,50,1974,3,8
611,Kelly,Jessica,Lewis,1,0,1988-03-09,8803099551082,1,36,1988,3,9
612,Danielle,Kathleen,Harrell,1,1,1980-11-06,8011069491182,1,43,1980,11,6
613,Emily,Michelle,Oneill,1,1,2005-08-04,0508046090082,1,19,2005,8,4
614,Cassandra,Antonio,King,1,0,1972-05-29,7205297425082,1,52,1972,5,29
615,Michelle,Ashley,Ryan,1,0,1984-06-12,8406125734182,1,40,1984,6,12
616,Katherine,Christina,Ward,1,0,1993-03-03,9303039452182,1,31,1993,3,3
617,David,Karen,Stokes,0,0,1951-07-07,5107071751182,1,73,1951,7,7
618,Whitney,James,Meyer,0,1,1942-08-04,4208043974082,1,82,1942,8,4
619,Dakota,Jason,Nelson,0,0,1994-11-04,9411041867082,1,29,1994,11,4
620,Ariana,Jasmine,Newton,1,0,1955-01-08,5501085845082,1,69,1955,1,8
621,Nathan,Michael,Bradford,1,1,2004-05-18,0405185049182,1,20,2004,5,18
622,Gina,Lauren,Palmer,0,1,1961-02-24,6102244534182,1,63,1961,2,24
623,Henry,Lisa,Holland,1,0,1970-08-16,7008169081182,1,54,1970,8,16
624,Richard,David,Lewis,1,0,1993-02-28,9302288151082,1,31,1993,2,28
625,Jason,Traci,Clark,1,1,1957-09-17,5709177865182,1,67,1957,9,17
626,Daniel,Cynthia,Miller,0,1,1992-02-17,9202172225082,1,32,1992,2,17
627,Shane,Thomas,Gonzalez,1,0,1932-04-13,3204135421182,1,92,1932,4,13
628,Samuel,Diamond,Branch,1,1,1964-04-09,6404099705182,1,60,1964,4,9
629,Darlene,Lauren,Jones,1,0,2001-04-26,0104269762082,1,23,2001,4,26
630,Michael,Sarah,Willis,0,1,1928-04-22,2804222855082,1,96,1928,4,22
631,Connor,Samantha,Hampton,1,0,1997-03-10,9703108410082,1,27,1997,3,10
632,Kristina,Lynn,Morrow,0,0,1973-08-17,7308174381082,1,51,1973,8,17
633,Catherine,Casey,Floyd,0,0,2000-06-05,0006051418182,1,24,2000,6,5
634,Jim,Jackie,Bell,1,1,1983-05-21,8305215612082,1,41,1983,5,21
635,Kyle,Ashley,Cole,0,1,1987-06-11,8706112573082,1,37,1987,6,11
636,Kim,Matthew,Cameron,0,1,1964-12-10,6412101859182,1,59,1964,12,10
637,Roberto,Donna,Joseph,1,0,2000-06-19,0006196967082,1,24,2000,6,19
638,Steven,Natasha,Lewis,0,1,1936-02-29,3602292837082,1,88,1936,2,29
639,Victor,Peter,Sanchez,0,0,1959-04-07,5904072266182,1,65,1959,4,7
640,Margaret,Chad,Gonzales,0,1,1939-02-22,3902222858082,1,85,1939,2,22
641,Dominic,Joshua,Robinson,1,0,1998-09-19,9809198482082,1,26,1998,9,19
642,Cody,Nicole,Weber,0,1,1958-05-12,5805120873182,1,66,1958,5,12
643,Erika,Jacob,Knight,0,0,1992-03-05,9203051876082,1,32,1992,3,5
644,Natalie,Richard,Richards,0,1,1958-05-21,5805214398082,1,66,1958,5,21
645,Rhonda,Brittany,Allen,1,1,1967-03-04,6703047894082,1,57,1967,3,4
646,Alexander,Donna,Lee,1,1,1940-09-09,4009099313182,1,84,1940,9,9
647,Daniel,Julia,Simmons,1,1,1926-11-25,2611257143182,1,97,1926,11,25
648,Tristan,Matthew,Pollard,1,0,1948-05-01,4805016364182,1,76,1948,5,1
649,Pamela,Cynthia,Baker,0,0,1992-08-01,9208013821182,1,32,1992,8,1
650,Holly,Cynthia,Day,0,0,1942-03-12,4203123932082,1,82,1942,3,12
651,Veronica,Donald,Parker,0,0,1943-12-17,4312170230182,1,80,1943,12,17
652,Ashley,Michael,Hill,1,0,1968-04-13,6804138307082,1,56,1968,4,13
653,Courtney,Nicole,West,0,0,1925-07-30,2507300211182,1,99,1925,7,30
654,Christina,Elizabeth,Edwards,1,1,1980-08-23,8008236112082,1,44,1980,8,23
655,Barbara,Travis,Smith,1,1,1982-07-14,8207145912082,1,42,1982,7,14
656,Peter,Daniel,Williams,1,0,1932-08-03,3208035196182,1,92,1932,8,3
657,John,Richard,Campbell,1,0,1974-08-11,7408115720082,1,50,1974,8,11
658,Tammy,Christopher,Taylor,0,1,1989-03-17,8903172620082,1,35,1989,3,17
659,Mary,Crystal,Scott,1,1,2001-03-29,0103298237082,1,23,2001,3,29
660,Elizabeth,Ryan,Martin,0,0,1976-07-05,7607054089182,1,48,1976,7,5
661,Linda,Carrie,Williams,0,0,2004-06-07,0406071712082,1,20,2004,6,7
662,Lauren,Anthony,Snow,0,1,2005-04-15,0504153490182,1,19,2005,4,15
663,Jimmy,Eric,Mitchell,0,1,1932-02-14,3202140623182,1,92,1932,2,14
664,Susan,Michael,Pittman,0,0,1960-01-18,6001180617182,1,64,1960,1,18
665,Jacob,Nicole,Hall,0,1,1963-06-15,6306150961182,1,61,1963,6,15
666,Gabriella,Robin,Davis,0,0,1940-03-04,4003044098182,1,84,1940,3,4
667,Christopher,Patrick,Strickland,0,1,1939-10-17,3910174951082,1,85,1939,10,17
668,Jesse,John,Nguyen,0,0,1925-11-28,2511282615182,1,98,1925,11,28
669,Allen,Cynthia,Owen,1,0,1979-03-02,7903026445082,1,45,1979,3,2
670,Richard,Melissa,Miller,0,1,1971-05-07,7105074277182,1,53,1971,5,7
671,David,Dave,Russell,0,1,1971-03-20,7103203328182,1,53,1971,3,20
672,Derek,Kristin,Wall,0,1,2000-10-05,0010052995182,1,24,2000,10,5
673,George,Dustin,Vega,0,1,2001-05-21,0105211207182,1,23,2001,5,21
674,Joshua,Wesley,Delgado,1,0,1982-11-11,8211119347082,1,41,1982,11,11
675,Micheal,John,Kline,1,1,1929-05-20,2905206005082,1,95,1929,5,20
676,Angel,Jim,Bowen,0,0,1970-06-10,7006100591182,1,54,1970,6,10
677,Christopher,Wyatt,Baker,1,0,1958-10-21,5810216441082,1,65,1958,10,21
678,Christine,Charlene,Duncan,0,1,2006-04-29,0604291491082,1,18,2006,4,29
679,Brandon,Susan,Lambert,1,1,1925-08-15,2508157399082,1,99,1925,8,15
680,Alexander,Savannah,Moore,1,0,1992-09-07,9209077893182,1,32,1992,9,7
681,Emily,Rebecca,Evans,0,1,1960-08-05,6008050325182,1,64,1960,8,5
682,Sarah,Chelsea,Buck,0,0,1974-11-30,7411301836182,1,49,1974,11,30
683,Lawrence,Tiffany,Berg,0,0,1996-03-22,9603224428182,1,28,1996,3,22
684,Stacey,Troy,Knox,0,0,1927-06-27,2706270457182,1,97,1927,6,27
685,Arthur,Earl,Lee,1,1,1959-06-27,5906276393182,1,65,1959,6,27
686,Joel,Joan,Thompson,1,1,1985-08-02,8508026637182,1,39,1985,8,2
687,Laura,Miguel,Charles,0,0,1941-10-15,4110152698082,1,83,1941,10,15
688,Rachel,Morgan,Hall,0,1,1952-06-10,5206104838182,1,72,1952,6,10
689,Sydney,Steven,Ward,0,0,2005-10-01,0510012645182,1,19,2005,10,1
690,Diana,Jasmine,Palmer,0,1,1928-12-28,2812284306182,1,95,1928,12,28
691,Michelle,Robert,Powers,1,1,1999-10-04,9910049012182,1,25,1999,10,4
692,James,Steven,Gonzalez,0,1,1993-12-29,9312292620082,1,30,1993,12,29
693,Crystal,Jillian,Kerr,1,1,1960-12-21,6012216131182,1,63,1960,12,21
694,Bridget,Michael,Jensen,0,1,1987-06-13,8706132064182,1,37,1987,6,13
695,Sarah,John,Kramer,0,1,1944-11-10,4411101826182,1,79,1944,11,10
696,Kathy,Derek,Baker,0,1,1991-05-21,9105214583182,1,33,1991,5,21
697,Mary,Mark,Brown,0,1,1971-12-03,7112031374082,1,52,1971,12,3
698,April,Wayne,Wilcox,1,0,1951-10-04,5110047635182,1,73,1951,10,4
699,Marissa,Mary,Carter,0,0,1950-06-14,5006141112082,1,74,1950,6,14
700,Kimberly,David,Morris,0,0,2006-06-29,0606290799182,1,18,2006,6,29
1,Claudia,Scott,Mata,1,3,1997-09-02,9709029997376,0,27,1997,9,2
2,Jackie,Wesley,Townsend,0,2,1983-04-08,8304080239270,0,41,1983,4,8
3,Heidi,Connie,Watkins,1,2,1943-03-02,4303026592274,0,81,1943,3,2
4,Jennifer,Audrey,Harrington,1,3,1938-04-02,3804024056372,0,86,1938,4,2
5,Allen,Matthew,Wagner,0,3,1929-05-27,2905278931375,0,95,1929,5,27
6,Rodney,Tony,Elliott,1,2,1960-08-07,6008078539274,0,64,1960,8,7
7,Dawn,Paul,Bird,0,3,1937-11-19,3711197385370,0,86,1937,11,19
8,Richard,Crystal,Kramer,1,2,1965-11-03,6511033955274,0,58,1965,11,3
9,Rebecca,Vincent,Young,1,2,1941-10-12,4110120418270,0,83,1941,10,12
10,Robert,Craig,Neal,1,3,1956-04-12,5604120701374,0,68,1956,4,12
11,Kenneth,Lisa,Jones,0,3,1948-07-06,4807067886274,0,76,1948,7,6
12,Heather,David,Knight,1,2,1961-01-17,6101176425279,0,63,1961,1,17
13,Samuel,Dawn,Johnson,1,3,1970-11-20,7011202923277,0,53,1970,11,20
14,Randall,Stephanie,Peterson,0,3,1989-06-12,8906122441374,0,35,1989,6,12
15,Kimberly,Alex,Alvarado,0,3,1938-11-01,3811013016277,0,85,1938,11,1
16,Joanna,Joshua,Li,0,3,1958-05-23,5805239626371,0,66,1958,5,23
17,Mallory,Brian,Tran,0,3,1947-07-06,4707069148373,0,77,1947,7,6
18,Kevin,Dylan,Coleman,1,2,1995-08-12,9508129496373,0,29,1995,8,12
19,Jody,Kevin,Jones,0,2,1996-09-18,9609187597279,0,28,1996,9,18
20,Matthew,John,Williams,1,2,1932-07-22,3207223448370,0,92,1932,7,22
21,Laura,Michael,Montoya,1,2,1994-01-06,9401068278375,0,30,1994,1,6
22,Matthew,William,Wright,1,2,2001-05-11,0105117981278,0,23,2001,5,11
23,Becky,Matthew,Roman,0,2,1942-05-25,4205255891374,0,82,1942,5,25
24,Jamie,Laura,Lynn,1,2,2000-12-22,0012221422277,0,23,2000,12,22
25,Tammy,Jennifer,Dean,0,3,1929-02-11,2902119655378,0,95,1929,2,11
26,Justin,Zachary,Martin,0,2,1973-07-07,7307073426277,0,51,1973,7,7
27,Elizabeth,Scott,Berry,1,2,1986-07-15,8607155574375,0,38,1986,7,15
28,Elizabeth,Nicholas,Turner,0,3,1951-07-04,5107042201377,0,73,1951,7,4
29,Joseph,Rhonda,Stewart,0,2,1977-07-31,7707313741271,0,47,1977,7,31
30,Mike,Anna,Aguirre,0,3,1949-08-31,4908316139376,0,75,1949,8,31
31,Michele,Catherine,Alexander,0,3,1942-02-02,4202027589279,0,82,1942,2,2
32,Megan,Theresa,Fuller,0,2,1996-05-04,9605049859376,0,28,1996,5,4
33,Catherine,Zachary,White,1,2,1953-03-28,5303282731370,0,71,1953,3,28
34,Lisa,Michelle,Reynolds,1,3,1959-05-12,5905129267377,0,65,1959,5,12
35,Jason,William,Merritt,1,2,1951-09-23,5109234238375,0,73,1951,9,23
36,Michael,Sharon,Williams,1,3,1926-07-22,2607222411373,0,98,1926,7,22
37,Christie,Dustin,Brown,0,3,1974-01-12,7401121197276,0,50,1974,1,12
38,Jennifer,Jacob,Wagner,0,2,2003-07-23,0307230424378,0,21,2003,7,23
39,Joseph,Stephen,Schwartz,0,2,1950-10-03,5010036548377,0,74,1950,10,3
40,Dean,Nancy,Allen,0,2,1942-10-31,4210318227378,0,81,1942,10,31
41,Jason,Ashley,Warren,0,2,1997-02-12,9702125642270,0,27,1997,2,12
42,Albert,Elizabeth,Avila,0,3,1971-01-21,7101212465379,0,53,1971,1,21
43,Shawn,Tyler,Olsen,1,2,1996-03-13,9603134968376,0,28,1996,3,13
44,Valerie,Shawn,Wilson,1,3,1933-05-29,3305295747279,0,91,1933,5,29
45,Andrea,Kenneth,Todd,0,3,1940-12-02,4012029363375,0,83,1940,12,2
46,Matthew,Steven,Powell,0,3,1988-11-21,8811214808370,0,35,1988,11,21
47,Katelyn,Christina,Oliver,0,2,1988-01-09,8801090771379,0,36,1988,1,9
48,Lori,Courtney,Dawson,1,2,1938-10-04,3810049829377,0,86,1938,10,4
49,Jennifer,Ethan,Summers,0,2,1982-08-05,8208058735272,0,42,1982,8,5
50,Samantha,Renee,Garner,0,3,1966-09-10,6609102771272,0,58,1966,9,10
51,Miguel,Thomas,Parker,0,3,1984-10-25,8410259160372,0,39,1984,10,25
52,Holly,Erica,Buck,1,2,1936-11-02,3611028511375,0,87,1936,11,2
53,Ian,Elizabeth,Nelson,0,2,1943-11-04,4311046974378,0,80,1943,11,4
54,Elizabeth,Christine,Smith,1,2,1945-09-11,4509113424276,0,79,1945,9,11
55,Corey,Ian,Spencer,0,2,1941-04-19,4104195539372,0,83,1941,4,19
56,Jennifer,Jason,Smith,0,2,1944-12-04,4412041329271,0,79,1944,12,4
57,Kenneth,Jesus,Jones,0,3,1966-12-29,6612297306377,0,57,1966,12,29
58,Kelly,Jimmy,Baker,0,2,1949-03-29,4903299565372,0,75,1949,3,29
59,Thomas,Adam,Benson,0,3,1994-04-23,9404239336271,0,30,1994,4,23
60,Kelly,Laura,Gillespie,1,2,1955-03-30,5503305830377,0,69,1955,3,30
61,Michele,Timothy,Melton,0,3,1986-09-04,8609049424272,0,38,1986,9,4
62,Victoria,Justin,Leach,0,3,1979-12-15,7912154592270,0,44,1979,12,15
63,Steven,Hailey,Palmer,1,3,1999-09-12,9909121191373,0,25,1999,9,12
64,Carol,Sarah,Jones,1,3,1933-09-02,3309025973379,0,91,1933,9,2
65,Daniel,Michael,Bass,0,2,2004-04-21,0404210717270,0,20,2004,4,21
66,Sarah,Angela,Perez,0,3,1941-07-21,4107212388374,0,83,1941,7,21
67,Ashley,Robert,Nixon,0,3,1979-07-06,7907060816276,0,45,1979,7,6
68,Ashley,Jessica,Camacho,1,3,1925-12-23,2512238673376,0,98,1925,12,23
69,Sharon,Jacob,Nelson,0,3,1968-09-10,6809102761370,0,56,1968,9,10
70,David,Pamela,Simon,1,3,1985-01-13,8501138060379,0,39,1985,1,13
71,Edwin,Patrick,Hart,1,3,1976-12-17,7612171695273,0,47,1976,12,17
72,Jay,Catherine,Meyer,0,3,1984-10-29,8410292355378,0,39,1984,10,29
73,Richard,Kendra,Roach,1,3,1964-02-25,6402250349271,0,60,1964,2,25
74,Christopher,Margaret,Webb,0,2,2002-03-26,0203265338374,0,22,2002,3,26
75,Michael,Anna,Robles,1,2,1926-09-06,2609063936277,0,98,1926,9,6
76,Michelle,Keith,Garcia,1,2,1981-12-08,8112082105377,0,42,1981,12,8
77,William,John,Davis,0,2,1971-09-08,7109086076370,0,53,1971,9,8
78,Robert,Angela,Peterson,0,2,1933-11-06,3311060007372,0,90,1933,11,6
79,Kim,Nicole,Chapman,0,2,1939-07-29,3907293459372,0,85,1939,7,29
80,Nathaniel,Greg,Rodriguez,1,2,1986-02-22,8602223207273,0,38,1986,2,22
81,Lauren,Anne,Mcguire,0,3,1984-04-13,8404138390378,0,40,1984,4,13
82,Jonathan,Julie,Ferguson,0,3,1971-11-12,7111123757275,0,52,1971,11,12
83,Kevin,Carolyn,Gonzalez,1,2,2004-02-04,0402041728278,0,20,2004,2,4
84,Yolanda,Brian,Anderson,0,3,1928-01-29,2801296605279,0,96,1928,1,29
85,Tina,Erik,Yu,0,2,1929-08-08,2908081977277,0,95,1929,8,8
86,Kristin,Laura,Henry,0,3,2000-09-21,0009210859375,0,24,2000,9,21
87,Thomas,Richard,Freeman,1,3,1976-02-11,7602117309374,0,48,1976,2,11
88,Carmen,Dawn,Guzman,0,3,1987-06-25,8706259465377,0,37,1987,6,25
89,Michael,William,Rios,1,2,1926-10-18,2610186794372,0,98,1926,10,18
90,Colleen,Victoria,Alvarez,1,3,1941-06-29,4106293809278,0,83,1941,6,29
91,Kimberly,Angela,Kidd,1,2,1990-10-16,9010165149379,0,33,1990,10,16
92,Laura,Anthony,Martin,1,3,1952-11-25,5211251646370,0,71,1952,11,25
93,Tonya,Randy,Silva,1,2,1939-01-03,3901033675278,0,85,1939,1,3
94,Mary,Anita,Weber,0,2,2000-09-22,0009227477371,0,24,2000,9,22
95,Phillip,Carolyn,Gonzalez,1,3,1939-08-23,3908234137277,0,85,1939,8,23
96,Scott,Rose,Matthews,1,2,1937-03-19,3703191988276,0,87,1937,3,19
97,Kenneth,Stacey,Velasquez,1,2,1936-10-10,3610102880372,0,88,1936,10,10
98,Samuel,Courtney,Montes,1,2,1976-06-01,7606012670374,0,48,1976,6,1
99,Kiara,Dawn,Francis,1,3,2005-09-12,0509129407379,0,19,2005,9,12
100,Walter,Cindy,Keller,0,2,1943-09-30,4309301669273,0,81,1943,9,30
101,Michelle,Robert,Young,0,3,1959-01-27,5901274683273,0,65,1959,1,27
102,Scott,Michelle,Davis,1,2,1995-03-04,9503042050273,0,29,1995,3,4
103,Melissa,David,Cohen,1,2,1956-04-17,5604172456274,0,68,1956,4,17
104,Dakota,Sherri,Nelson,1,2,1968-08-18,6808181309374,0,56,1968,8,18
105,Kimberly,Jessica,Lopez,1,2,1990-03-07,9003073442270,0,34,1990,3,7
106,Alejandro,Steven,Mejia,0,3,1973-07-29,7307291537379,0,51,1973,7,29
107,Gary,Mark,King,0,2,1956-09-27,5609270450375,0,68,1956,9,27
108,Mike,Erin,White,1,3,1958-01-25,5801255008271,0,66,1958,1,25
109,Alvin,Kristin,Hill,1,3,1959-05-14,5905145423374,0,65,1959,5,14
110,Jo,Meagan,Baker,0,3,1980-09-18,8009182046275,0,44,1980,9,18
111,Rachael,Timothy,Meyer,1,2,1938-05-06,3805065974275,0,86,1938,5,6
112,Justin,Emma,Rodriguez,0,2,1995-04-23,9504236447370,0,29,1995,4,23
113,Amanda,Regina,Turner,1,2,1994-08-15,9408150455379,0,30,1994,8,15
114,Lance,Carolyn,Harrell,1,3,2000-01-12,0001121217271,0,24,2000,1,12
115,James,Patrick,Young,1,3,1977-05-22,7705229252370,0,47,1977,5,22
116,Amber,Michael,James,0,2,1953-10-23,5310231745274,0,70,1953,10,23
117,Alexander,Cristina,Hodges,0,2,1948-08-25,4808257062374,0,76,1948,8,25
118,Hector,Thomas,Morgan,0,3,1955-11-11,5511114330378,0,68,1955,11,11
119,Jason,Brittany,Goodman,0,3,2004-01-12,0401122079272,0,20,2004,1,12
120,Michael,Shannon,Jones,0,3,1950-10-04,5010046811278,0,74,1950,10,4
121,Amy,Ashley,Parsons,1,2,1951-05-21,5105210114378,0,73,1951,5,21
122,Sonia,Angel,Mcmillan,1,3,1960-07-27,6007277049374,0,64,1960,7,27
123,Juan,David,Cabrera,0,3,2001-07-10,0107107755271,0,23,2001,7,10
124,Denise,Douglas,Morgan,1,2,1932-07-10,3207109396373,0,92,1932,7,10
125,Jessica,Amber,Camacho,1,2,1988-02-05,8802054776271,0,36,1988,2,5
126,John,April,Murphy,0,2,2003-01-11,0301119252278,0,21,2003,1,11
127,Rita,Karen,Dominguez,0,3,1931-01-10,3101106834376,0,93,1931,1,10
128,Brian,Christopher,Benton,0,2,1980-08-13,8008132434271,0,44,1980,8,13
129,Kristen,Andrea,Norman,0,2,1965-07-05,6507053817374,0,59,1965,7,5
130,Gina,Ruben,Smith,1,3,1993-08-16,9308166375373,0,31,1993,8,16
131,Brandon,Jay,Davis,0,2,1944-06-27,4406271367373,0,80,1944,6,27
132,James,Michael,Nguyen,0,2,1927-09-29,2709295233372,0,97,1927,9,29
133,David,John,Murphy,0,2,1954-03-21,5403212681376,0,70,1954,3,21
134,Debbie,Rebecca,Ashley,1,2,1977-07-21,7707212768371,0,47,1977,7,21
135,Jerry,Ian,Miller,1,2,1991-11-10,9111103524275,0,32,1991,11,10
136,Patricia,Julie,Taylor,0,2,1990-02-25,9002252592377,0,34,1990,2,25
137,Jessica,Stephanie,Powell,1,2,2000-09-02,0009029584273,0,24,2000,9,2
138,Juan,Daniel,Huang,1,3,1946-08-22,4608225870277,0,78,1946,8,22
139,William,Mary,Campos,0,2,1926-12-29,2612296999370,0,97,1926,12,29
140,Shawn,David,Miller,1,2,1970-02-19,7002196214378,0,54,1970,2,19
141,Frank,Bryan,Kent,1,2,1969-04-07,6904072086279,0,55,1969,4,7
142,Brandi,Molly,Reyes,0,2,1974-03-07,7403078488372,0,50,1974,3,7
143,Amy,Nicole,Jimenez,1,3,1966-12-05,6612055774372,0,57,1966,12,5
144,Chad,Julia,Fowler,1,3,1976-06-04,7606049333375,0,48,1976,6,4
145,Antonio,Kristin,Oliver,1,3,1993-05-19,9305193936274,0,31,1993,5,19
146,Christopher,Dustin,Weber,1,2,1941-07-25,4107255801372,0,83,1941,7,25
147,Matthew,John,Johnson,0,2,1940-08-23,4008234307376,0,84,1940,8,23
148,Jason,Crystal,Freeman,0,2,1947-02-10,4702109243376,0,77,1947,2,10
149,Christina,Faith,Massey,0,2,1925-03-02,2503027781275,0,99,1925,3,2
150,Cameron,Adam,Mathews,1,3,1971-06-04,7106040829272,0,53,1971,6,4
151,Anita,Kevin,Torres,1,2,1968-02-27,6802271787370,0,56,1968,2,27
152,James,Jordan,Juarez,0,3,1987-06-08,8706087002274,0,37,1987,6,8
153,Dawn,Thomas,Sharp,0,2,1989-01-22,8901225355276,0,35,1989,1,22
154,Jo,Walter,Taylor,1,2,2001-03-14,0103144895279,0,23,2001,3,14
155,Susan,James,Mcpherson,0,2,1983-09-13,8309134378379,0,41,1983,9,13
156,Miranda,Jerry,Pugh,0,3,1978-08-16,7808165568273,0,46,1978,8,16
157,Joshua,Alan,Shepard,1,2,1934-01-20,3401209638373,0,90,1934,1,20
158,Kenneth,Joseph,Cruz,0,3,1963-10-29,6310296930270,0,60,1963,10,29
159,Jason,Heather,Johnson,0,3,1936-04-15,3604152191271,0,88,1936,4,15
160,Danielle,Brandon,Mejia,0,3,1985-10-18,8510187617275,0,38,1985,10,18
161,Carlos,Stephen,James,0,3,1938-03-30,3803309057377,0,86,1938,3,30
162,Timothy,Jack,Carter,0,3,1942-11-09,4211098776370,0,81,1942,11,9
163,Lori,Michael,Acevedo,1,2,1962-10-27,6210275259278,0,61,1962,10,27
164,Jacob,Jack,Gregory,0,3,1945-03-27,4503270137278,0,79,1945,3,27
165,Russell,Zachary,Navarro,0,2,1947-07-22,4707220349271,0,77,1947,7,22
166,Adam,Dustin,Wall,1,2,1998-11-30,9811305502275,0,25,1998,11,30
167,Jennifer,Christopher,Humphrey,1,3,1931-10-13,3110136917372,0,93,1931,10,13
168,Michele,Phillip,Johnson,0,2,1979-02-16,7902161917275,0,45,1979,2,16
169,William,Karen,Thomas,1,3,1984-05-13,8405136502278,0,40,1984,5,13
170,Samantha,Faith,Carroll,1,3,1993-03-09,9303090391370,0,31,1993,3,9
171,Audrey,Gloria,Hernandez,1,3,2004-07-19,0407199087372,0,20,2004,7,19
172,Kevin,Donald,Hendricks,1,3,1995-02-20,9502208257272,0,29,1995,2,20
173,Kathleen,Robert,Avila,1,2,1974-02-13,7402136304371,0,50,1974,2,13
174,Jason,Jeffrey,Hale,1,2,1925-02-07,2502078631379,0,99,1925,2,7
175,Jeremy,Cassandra,Adkins,1,3,1940-11-14,4011140483278,0,83,1940,11,14
176,Julia,Nancy,Campbell,0,2,1997-03-26,9703260196372,0,27,1997,3,26
177,Aaron,Andrea,Phillips,1,3,1925-01-08,2501086222270,0,99,1925,1,8
178,Kelly,Chelsea,King,1,2,1974-05-23,7405237105375,0,50,1974,5,23
179,Kenneth,Antonio,Wagner,1,2,1999-11-28,9911285002273,0,24,1999,11,28
180,Stephen,Christopher,Hughes,1,3,1959-01-25,5901251099377,0,65,1959,1,25
181,Caroline,Joshua,Jackson,1,2,1974-02-28,7402289320270,0,50,1974,2,28
182,Caleb,Brandon,Ramos,1,2,1956-04-07,5604073261377,0,68,1956,4,7
183,Martin,Jason,Lara,0,2,1989-12-10,8912101406373,0,34,1989,12,10
184,Anthony,Daniel,Wilson,1,2,1925-04-07,2504070854374,0,99,1925,4,7
185,Debra,Joseph,Rivera,0,3,1961-10-25,6110251581377,0,62,1961,10,25
186,Jeffrey,Kristen,Anderson,1,2,1928-02-04,2802040088374,0,96,1928,2,4
187,Jennifer,Kyle,Salinas,0,2,1945-06-28,4506283409279,0,79,1945,6,28
188,Nathan,Gregory,Baker,0,3,1978-07-29,7807293987375,0,46,1978,7,29
189,Alyssa,Steven,Morales,1,3,1950-03-04,5003041976279,0,74,1950,3,4
190,Laura,Matthew,Anderson,1,3,1928-07-31,2807316141270,0,96,1928,7,31
191,Shawn,Randy,Lee,1,2,1944-02-25,4402250813371,0,80,1944,2,25
192,Andrea,Charles,Sanders,1,2,1955-05-05,5505053339279,0,69,1955,5,5
193,James,Sonya,Martinez,1,3,1958-12-20,5812202915370,0,65,1958,12,20
194,Jennifer,Daniel,Franklin,1,3,1942-05-24,4205243189273,0,82,1942,5,24
195,Alex,Darren,Lee,1,2,1952-08-14,5208142873370,0,72,1952,8,14
196,Tina,James,Petty,1,2,1972-02-05,7202058808370,0,52,1972,2,5
197,Jared,Sarah,Stevens,0,2,2002-03-23,0203238902279,0,22,2002,3,23
198,Scott,Charles,Ballard,1,3,1997-03-09,9703095924371,0,27,1997,3,9
199,Annette,Sergio,Giles,0,3,1970-04-23,7004232929277,0,54,1970,4,23
200,James,Philip,Ramirez,0,2,1985-12-09,8512094971271,0,38,1985,12,9
201,Harry,Matthew,Martin,0,2,2006-08-14,0608143306372,0,18,2006,8,14
202,Kristina,Kelly,Wiggins,0,3,1973-03-26,7303265113379,0,51,1973,3,26
203,William,Tonya,Yoder,0,2,1935-12-29,3512299084271,0,88,1935,12,29
204,James,Rachel,Bailey,0,3,1994-06-20,9406208364279,0,30,1994,6,20
205,Leslie,Carlos,Becker,0,3,1959-06-20,5906201151274,0,65,1959,6,20
206,Melissa,Lauren,Nelson,1,3,1970-09-26,7009261951272,0,54,1970,9,26
207,Alisha,Robert,Lewis,1,2,2004-11-27,0411277855272,0,19,2004,11,27
208,Michelle,Douglas,Bentley,1,3,1927-02-27,2702278528379,0,97,1927,2,27
209,Margaret,Gina,Pope,1,3,1938-09-21,3809211326374,0,86,1938,9,21
210,John,Tracy,Adams,0,2,1936-10-26,3610261997278,0,87,1936,10,26
211,Michele,Justin,Benson,1,3,1963-10-30,6310303423376,0,60,1963,10,30
212,Karen,Peter,Chambers,0,3,1992-09-05,9209054160272,0,32,1992,9,5
213,Kimberly,Kristin,Strong,0,2,1981-03-11,8103114035276,0,43,1981,3,11
214,Jonathan,Sarah,Brooks,1,3,1997-12-27,9712273459278,0,26,1997,12,27
215,Joshua,Stacy,Alexander,1,2,1958-08-02,5808025073271,0,66,1958,8,2
216,Adam,Jillian,Shelton,1,2,1930-08-29,3008299691375,0,94,1930,8,29
217,Julie,Patricia,Acosta,0,2,1935-11-03,3511039438275,0,88,1935,11,3
218,Russell,Matthew,Payne,0,2,1968-12-20,6812203591377,0,55,1968,12,20
219,Glenda,Jane,Larson,1,3,2003-01-30,0301302524370,0,21,2003,1,30
220,James,Jeremiah,Boyle,0,2,1959-05-27,5905272148370,0,65,1959,5,27
221,Edward,Virginia,Parker,0,3,1942-07-27,4207275515376,0,82,1942,7,27
222,Joshua,Jeffery,Frazier,1,3,1995-09-19,9509190508370,0,29,1995,9,19
223,Nicole,John,Avery,1,3,1950-06-26,5006267227372,0,74,1950,6,26
224,Shannon,Shannon,Garcia,1,3,1935-12-10,3512109970377,0,88,1935,12,10
225,Michael,Donald,Oliver,1,3,1948-10-20,4810202345375,0,75,1948,10,20
226,Shirley,Jeremy,Brown,0,3,1979-10-19,7910195953278,0,44,1979,10,19
227,Kristine,Alexis,Murphy,0,3,1960-01-09,6001099653277,0,64,1960,1,9
228,Elizabeth,Kelly,Myers,1,2,1999-08-01,9908012917270,0,25,1999,8,1
229,Michelle,Alexandra,Wilson,1,3,1992-07-02,9207028321372,0,32,1992,7,2
230,Anna,Stacy,Wheeler,0,2,1979-07-22,7907226752377,0,45,1979,7,22
231,Thomas,Christopher,Miller,1,3,1957-06-15,5706154847375,0,67,1957,6,15
232,Ian,Patrick,Sanders,1,2,1928-04-09,2804094814272,0,96,1928,4,9
233,Lawrence,Katherine,Macdonald,1,2,1994-01-19,9401199953370,0,30,1994,1,19
234,David,Derek,Garner,0,3,1929-10-26,2910262381279,0,94,1929,10,26
235,Sheri,Jonathan,Warner,1,2,1951-11-19,5111197975377,0,72,1951,11,19
236,Michele,Kendra,Taylor,1,3,1985-01-31,8501314398379,0,39,1985,1,31
237,Mary,Stephen,Davis,0,2,1956-06-15,5606153324370,0,68,1956,6,15
238,Scott,Debbie,Snow,0,2,2002-09-06,0209061371271,0,22,2002,9,6
239,Brian,Kimberly,Lin,1,2,1942-10-31,4210316835278,0,81,1942,10,31
240,Michael,Brian,Holmes,0,3,1955-12-25,5512252043275,0,68,1955,12,25
241,Bobby,Dustin,Walker,1,2,1994-01-22,9401225405279,0,30,1994,1,22
242,Timothy,Erica,Gray,0,2,1953-01-12,5301124215371,0,71,1953,1,12
243,Jason,Dawn,Manning,0,3,1945-07-01,4507010731372,0,79,1945,7,1
244,Laura,Matthew,Avila,0,2,1962-06-24,6206248095377,0,62,1962,6,24
245,Sandra,Michelle,Andrade,0,2,1970-02-14,7002140430374,0,54,1970,2,14
246,Shawn,Amanda,Harper,0,2,1928-02-11,2802114228270,0,96,1928,2,11
247,Jenna,April,Kemp,0,2,1944-06-19,4406193034372,0,80,1944,6,19
248,Kristopher,Alan,Mitchell,1,2,1978-10-07,7810076536375,0,46,1978,10,7
249,Alejandro,John,Lopez,1,2,1930-09-17,3009177718371,0,94,1930,9,17
250,Joshua,Charles,Lawson,0,2,1952-10-31,5210319672275,0,71,1952,10,31
251,Ellen,John,Mitchell,1,3,1998-12-08,9812081122271,0,25,1998,12,8
252,Christopher,Rodney,Tucker,1,2,1956-07-03,5607032951375,0,68,1956,7,3
253,Dakota,Paula,Brown,0,2,1942-06-21,4206218710370,0,82,1942,6,21
254,Raymond,Austin,Byrd,0,3,1949-03-21,4903216834273,0,75,1949,3,21
255,Nicholas,Brian,Sullivan,0,3,1968-10-05,6810058771379,0,56,1968,10,5
256,Whitney,Larry,Arias,0,3,1956-12-27,5612272381272,0,67,1956,12,27
257,Amanda,Christopher,Anderson,0,3,1955-10-30,5510303756373,0,68,1955,10,30
258,Whitney,James,Cortez,0,2,1939-12-21,3912218398278,0,84,1939,12,21
259,Chris,Jennifer,Daniel,0,3,1957-12-11,5712119974277,0,66,1957,12,11
260,Candice,Steven,Nelson,0,2,1944-03-03,4403035194374,0,80,1944,3,3
261,Travis,Chad,Copeland,1,3,1939-06-08,3906082769277,0,85,1939,6,8
262,James,Christopher,Dunlap,0,3,1998-08-20,9808209771278,0,26,1998,8,20
263,Edward,Jacob,Martin,0,3,1961-04-20,6104201074374,0,63,1961,4,20
264,Zachary,Samantha,Taylor,1,2,1927-10-05,2710053799378,0,97,1927,10,5
265,Susan,Heather,Stone,1,2,1947-11-07,4711074272375,0,76,1947,11,7
266,Jeremiah,Ethan,Gardner,0,2,1984-12-22,8412222534377,0,39,1984,12,22
267,Crystal,Joshua,Johnson,0,3,1958-01-29,5801291558378,0,66,1958,1,29
268,Mark,Daniel,Dorsey,1,2,1996-06-03,9606031599378,0,28,1996,6,3
269,Lisa,Rachel,Nelson,1,2,1943-12-12,4312120954276,0,80,1943,12,12
270,Ryan,Steven,Jackson,1,2,1952-05-18,5205188839379,0,72,1952,5,18
271,Christopher,Meghan,Salazar,1,2,1937-11-03,3711031965379,0,86,1937,11,3
272,David,Crystal,Perkins,1,2,1976-10-14,7610144444374,0,47,1976,10,14
273,Micheal,Kristine,Guerrero,1,3,1957-03-19,5703190908270,0,67,1957,3,19
274,Erin,Catherine,Martin,0,3,1964-10-15,6410155627373,0,59,1964,10,15
275,Alexis,Holly,Smith,1,2,1940-07-26,4007267064272,0,84,1940,7,26
276,Jim,Anthony,Robinson,0,3,1976-02-17,7602176010370,0,48,1976,2,17
277,Caleb,Edward,Taylor,0,3,1938-11-02,3811029683275,0,85,1938,11,2
278,Regina,David,Clarke,0,3,1990-12-17,9012171070378,0,33,1990,12,17
279,Tyler,Stephanie,Garcia,0,3,2002-10-24,0210241076372,0,21,2002,10,24
280,Meghan,Tiffany,Ross,1,3,1947-08-27,4708279617271,0,77,1947,8,27
281,Teresa,Mallory,Hess,0,2,1938-09-27,3809275651276,0,86,1938,9,27
282,Jamie,Christopher,Williams,1,2,1959-04-30,5904309991271,0,65,1959,4,30
283,Jacob,Eric,Jennings,1,3,1984-01-01,8401016739379,0,40,1984,1,1
284,David,Krystal,Rodriguez,0,3,1992-01-27,9201272612370,0,32,1992,1,27
285,Rachel,Jacqueline,Cortez,1,2,1974-11-24,7411249872275,0,49,1974,11,24
286,Sharon,Tracy,Dickerson,0,2,1946-05-19,4605196780370,0,78,1946,5,19
287,James,Michael,Rhodes,0,3,1951-02-12,5102120497379,0,73,1951,2,12
288,Nicole,Bruce,Lane,1,2,1999-01-21,9901215054377,0,25,1999,1,21
289,Michael,Matthew,Riggs,0,2,1965-10-18,6510188202278,0,58,1965,10,18
290,Stephanie,Christopher,Martinez,0,2,1958-08-27,5808272266276,0,66,1958,8,27
291,Donald,Mark,Bailey,0,3,1948-03-15,4803156026270,0,76,1948,3,15
292,Alec,Timothy,Forbes,1,2,1937-12-26,3712260639379,0,86,1937,12,26
293,Timothy,Devin,Galvan,0,2,1943-12-24,4312248660378,0,80,1943,12,24
294,Derek,Robert,Aguilar,0,2,1942-08-30,4208307168278,0,82,1942,8,30
295,Rebecca,Stephen,Morales,1,3,1946-05-29,4605290606275,0,78,1946,5,29
296,Jason,Rachel,Watson,0,2,2006-03-24,0603246238273,0,18,2006,3,24
297,Leroy,Christopher,Khan,0,3,1952-01-27,5201275599270,0,72,1952,1,27
298,Melissa,Crystal,Holt,0,2,1943-07-12,4307125368272,0,81,1943,7,12
299,Adam,Dillon,Perez,1,3,1962-02-28,6202283811371,0,62,1962,2,28
300,Scott,Ashley,Lane,1,2,1972-11-02,7211024876378,0,51,1972,11,2
301,Benjamin,Kelly,Rodriguez,1,3,1991-12-02,9112020139277,0,32,1991,12,2
302,Spencer,Tracy,Ellis,1,2,1944-03-14,4403148758373,0,80,1944,3,14
303,Justin,Samantha,Bowen,1,3,1927-03-20,2703207903274,0,97,1927,3,20
304,Michele,John,Mcguire,1,3,1947-08-13,4708135625275,0,77,1947,8,13
305,Brandon,Gary,Wood,1,2,1962-09-15,6209153017371,0,62,1962,9,15
306,Stephen,Leon,Baker,0,2,1937-06-20,3706204424374,0,87,1937,6,20
307,Sara,Deborah,Williams,0,3,1989-03-24,8903245889277,0,35,1989,3,24
308,Tonya,Victoria,Valenzuela,1,3,1935-04-18,3504180796370,0,89,1935,4,18
309,Seth,Anna,Porter,1,3,2004-04-01,0404010541374,0,20,2004,4,1
310,David,Tyler,Lynch,1,2,1944-11-22,4411226495375,0,79,1944,11,22
311,Stephanie,Gloria,Scott,1,3,1990-11-22,9011229811379,0,33,1990,11,22
312,Cynthia,Judith,Barnes,1,3,1929-09-15,2909159201278,0,95,1929,9,15
313,Willie,Glenn,Fitzgerald,0,3,1946-10-13,4610138962277,0,78,1946,10,13
314,Victoria,Crystal,Perez,0,3,1935-05-26,3505268459370,0,89,1935,5,26
315,Dylan,Trevor,Anderson,0,2,1960-04-06,6004064155379,0,64,1960,4,6
316,Deborah,Steven,Mcclain,0,2,1933-02-11,3302113849372,0,91,1933,2,11
317,Gary,Felicia,Smith,1,2,1999-04-16,9904163661273,0,25,1999,4,16
318,Amanda,Thomas,Lee,1,3,1981-02-01,8102018812279,0,43,1981,2,1
319,Melinda,Tracy,Haynes,1,2,1928-06-27,2806275899371,0,96,1928,6,27
320,John,Jill,Johnson,0,3,1960-07-06,6007065917372,0,64,1960,7,6
321,Jesse,Julie,Norris,0,3,1977-12-31,7712313219277,0,46,1977,12,31
322,Christine,Cole,Leon,0,3,1965-07-29,6507291432277,0,59,1965,7,29
323,Adriana,Lawrence,Miller,1,2,1961-05-18,6105181142277,0,63,1961,5,18
324,Charles,Nancy,Jones,1,2,1957-11-14,5711142401371,0,66,1957,11,14
325,Breanna,Brian,Valdez,1,3,1936-01-25,3601258583275,0,88,1936,1,25
326,Jason,Matthew,Green,1,2,1996-06-15,9606152046273,0,28,1996,6,15
327,Wendy,Ian,Montoya,0,3,1957-11-27,5711276596274,0,66,1957,11,27
328,Amy,Christopher,Nolan,0,2,1993-04-15,9304158803376,0,31,1993,4,15
329,Sarah,Michael,Atkins,1,3,1946-12-21,4612215365274,0,77,1946,12,21
330,Miranda,Nicole,Nelson,0,2,1946-10-22,4610227185377,0,77,1946,10,22
331,Becky,Joshua,Smith,0,2,1969-01-27,6901276010270,0,55,1969,1,27
332,Deborah,Patricia,Gonzalez,0,3,1982-08-05,8208050814273,0,42,1982,8,5
333,Jason,Dennis,Mitchell,0,3,1932-09-07,3209072814277,0,92,1932,9,7
334,David,Emily,Fowler,0,3,1965-09-23,6509232084378,0,59,1965,9,23
335,Alexis,Erin,Brown,1,2,1997-05-09,9705094959272,0,27,1997,5,9
336,Justin,Steven,Price,1,2,2005-02-21,0502216966374,0,19,2005,2,21
337,George,Kimberly,Martinez,0,2,1928-10-29,2810297469379,0,95,1928,10,29
338,John,David,Odom,0,3,1961-02-17,6102170760372,0,63,1961,2,17
339,Pamela,Brandi,Jacobs,0,2,1970-08-02,7008024482371,0,54,1970,8,2
340,Terri,Richard,Gomez,1,2,1973-05-26,7305264391275,0,51,1973,5,26
341,Christian,Sandra,Ortiz,1,3,1976-05-06,7605069250373,0,48,1976,5,6
342,Vincent,April,Brown,1,2,1968-01-21,6801211304273,0,56,1968,1,21
343,Kimberly,Daniel,Mitchell,1,2,1964-10-08,6410087160371,0,60,1964,10,8
344,John,Luis,Jackson,0,3,2003-11-23,0311234233277,0,20,2003,11,23
345,Clinton,Amy,Graham,1,2,1984-01-10,8401108343274,0,40,1984,1,10
346,Roy,Jeffrey,Bailey,1,2,1948-11-02,4811021304279,0,75,1948,11,2
347,Alexander,Lori,Cannon,0,3,1931-12-05,3112055578372,0,92,1931,12,5
348,Aaron,Wanda,Conrad,0,2,1948-03-06,4803069797272,0,76,1948,3,6
349,Diamond,Albert,Smith,0,3,1954-05-08,5405084095279,0,70,1954,5,8
350,Shannon,Brandon,Mendoza,1,3,1962-01-31,6201313246372,0,62,1962,1,31
